subjectId,imageName,imageURL,references,scientificName,country,stateProvince,county,#institutionCode,#collectionCode,#catalogNumber,#expeditionId,#expeditionTitle
57fbd8ce00cf79492f8b48b7,57fbd8ce00cf79492f8b48b7.jpg,http://cdn.flmnh.ufl.edu/Herbarium/jpg/023/23158s1.jpg,http://sernecportal.org/portal/collections/individual/index.php?occid=7348242,"Ambrosia artemisiifolia","United States",Florida,Alachua,FLAS,,23158,53,"Fall Flowers of Alachua County, Florida"
57fbd8ce00cf79492f8b48b9,57fbd8ce00cf79492f8b48b9.jpg,http://cdn.flmnh.ufl.edu/Herbarium/jpg/171/171982s1.jpg,http://sernecportal.org/portal/collections/individual/index.php?occid=7348246,"Ambrosia artemisiifolia","United States",Florida,Alachua,FLAS,,171982,53,"Fall Flowers of Alachua County, Florida"
57fbd8ce00cf79492f8b48bd,57fbd8ce00cf79492f8b48bd.jpg,http://cdn.flmnh.ufl.edu/Herbarium/jpg/011/11244s1.jpg,http://sernecportal.org/portal/collections/individual/index.php?occid=7348373,"Anthemis cotula","United States",Florida,Alachua,FLAS,,11244,53,"Fall Flowers of Alachua County, Florida"
57fbd8ce00cf79492f8b48bf,57fbd8ce00cf79492f8b48bf.jpg,http://cdn.flmnh.ufl.edu/Herbarium/jpg/023/23310s1.jpg,http://sernecportal.org/portal/collections/individual/index.php?occid=7348398,Arctotis,"United States",Florida,Alachua,FLAS,,23310,53,"Fall Flowers of Alachua County, Florida"
57fbd8ce00cf79492f8b48c1,57fbd8ce00cf79492f8b48c1.jpg,http://cdn.flmnh.ufl.edu/Herbarium/jpg/025/25304s1.jpg,http://sernecportal.org/portal/collections/individual/index.php?occid=7348399,Asteraceae,"United States",Florida,Alachua,FLAS,,25304,53,"Fall Flowers of Alachua County, Florida"
57fbd8ce00cf79492f8b48c3,57fbd8ce00cf79492f8b48c3.jpg,http://cdn.flmnh.ufl.edu/Herbarium/jpg/023/23335s1.jpg,http://sernecportal.org/portal/collections/individual/index.php?occid=7348420,Artemisia,"United States",Florida,Alachua,FLAS,,23335,53,"Fall Flowers of Alachua County, Florida"
57fbd8ce00cf79492f8b48a9,57fbd8ce00cf79492f8b48a9.jpg,http://cdn.flmnh.ufl.edu/Herbarium/jpg/171/171407s1.jpg,http://sernecportal.org/portal/collections/individual/index.php?occid=7348235,"Ambrosia artemisiifolia","United States",Florida,Alachua,FLAS,,171407,53,"Fall Flowers of Alachua County, Florida"
57fbd8ce00cf79492f8b48ab,57fbd8ce00cf79492f8b48ab.jpg,http://cdn.flmnh.ufl.edu/Herbarium/jpg/148/148747s1.jpg,http://sernecportal.org/portal/collections/individual/index.php?occid=7348236,"Ambrosia artemisiifolia","United States",Florida,Alachua,FLAS,,148747,53,"Fall Flowers of Alachua County, Florida"
57fbd8ce00cf79492f8b48ad,57fbd8ce00cf79492f8b48ad.jpg,http://cdn.flmnh.ufl.edu/Herbarium/jpg/129/129077s1.jpg,http://sernecportal.org/portal/collections/individual/index.php?occid=7348237,"Ambrosia artemisiifolia","United States",Florida,Alachua,FLAS,,129077,53,"Fall Flowers of Alachua County, Florida"
57fbd8ce00cf79492f8b48af,57fbd8ce00cf79492f8b48af.jpg,http://cdn.flmnh.ufl.edu/Herbarium/jpg/164/164080s1.jpg,http://sernecportal.org/portal/collections/individual/index.php?occid=7348238,"Ambrosia artemisiifolia","United States",Florida,Alachua,FLAS,,164080,53,"Fall Flowers of Alachua County, Florida"
57fbd8ce00cf79492f8b48b1,57fbd8ce00cf79492f8b48b1.jpg,http://cdn.flmnh.ufl.edu/Herbarium/jpg/164/164081s1.jpg,http://sernecportal.org/portal/collections/individual/index.php?occid=7348239,"Ambrosia artemisiifolia","United States",Florida,Alachua,FLAS,,164081,53,"Fall Flowers of Alachua County, Florida"
57fbd8ce00cf79492f8b48b3,57fbd8ce00cf79492f8b48b3.jpg,http://cdn.flmnh.ufl.edu/Herbarium/jpg/023/23161s1.jpg,http://sernecportal.org/portal/collections/individual/index.php?occid=7348240,"Ambrosia artemisiifolia","United States",Florida,Alachua,FLAS,,23161,53,"Fall Flowers of Alachua County, Florida"
57fbd8ce00cf79492f8b48b5,57fbd8ce00cf79492f8b48b5.jpg,http://cdn.flmnh.ufl.edu/Herbarium/jpg/023/23160s1.jpg,http://sernecportal.org/portal/collections/individual/index.php?occid=7348241,"Ambrosia artemisiifolia","United States",Florida,Alachua,FLAS,,23160,53,"Fall Flowers of Alachua County, Florida"
57fbd8ce00cf79492f8b48c5,57fbd8ce00cf79492f8b48c5.jpg,http://cdn.flmnh.ufl.edu/Herbarium/jpg/175/175021s1.jpg,http://sernecportal.org/portal/collections/individual/index.php?occid=7348451,"Symphyotrichum carolinianum","United States",Florida,Alachua,FLAS,,175021,53,"Fall Flowers of Alachua County, Florida"
57fbd8ce00cf79492f8b48c7,57fbd8ce00cf79492f8b48c7.jpg,http://cdn.flmnh.ufl.edu/Herbarium/jpg/164/164082s1.jpg,http://sernecportal.org/portal/collections/individual/index.php?occid=7348452,"Symphyotrichum carolinianum","United States",Florida,Alachua,FLAS,,164082,53,"Fall Flowers of Alachua County, Florida"
57fbd8ce00cf79492f8b48cd,57fbd8ce00cf79492f8b48cd.jpg,http://cdn.flmnh.ufl.edu/Herbarium/jpg/122/122513s1.jpg,http://sernecportal.org/portal/collections/individual/index.php?occid=7348496,"Symphyotrichum concolor","United States",Florida,Alachua,FLAS,,122513,53,"Fall Flowers of Alachua County, Florida"
57fbd8ce00cf79492f8b48cf,57fbd8ce00cf79492f8b48cf.jpg,http://cdn.flmnh.ufl.edu/Herbarium/jpg/031/31280s1.jpg,http://sernecportal.org/portal/collections/individual/index.php?occid=7348497,"Symphyotrichum concolor","United States",Florida,Alachua,FLAS,,31280,53,"Fall Flowers of Alachua County, Florida"
57fbd8ce00cf79492f8b48d3,57fbd8ce00cf79492f8b48d3.jpg,http://cdn.flmnh.ufl.edu/Herbarium/jpg/151/151900s1.jpg,http://sernecportal.org/portal/collections/individual/index.php?occid=7348603,"Symphyotrichum dumosum","United States",Florida,Alachua,FLAS,,151900,53,"Fall Flowers of Alachua County, Florida"
57fbd8ce00cf79492f8b48d7,57fbd8ce00cf79492f8b48d7.jpg,http://cdn.flmnh.ufl.edu/Herbarium/jpg/042/42654s1.jpg,http://sernecportal.org/portal/collections/individual/index.php?occid=7348663,"Symphyotrichum dumosum","United States",Florida,Alachua,FLAS,,42654,53,"Fall Flowers of Alachua County, Florida"
57fbd8ce00cf79492f8b48d9,57fbd8ce00cf79492f8b48d9.jpg,http://cdn.flmnh.ufl.edu/Herbarium/jpg/042/42655s1.jpg,http://sernecportal.org/portal/collections/individual/index.php?occid=7348664,"Symphyotrichum dumosum","United States",Florida,Alachua,FLAS,,42655,53,"Fall Flowers of Alachua County, Florida"
57fbd8ce00cf79492f8b48db,57fbd8ce00cf79492f8b48db.jpg,http://cdn.flmnh.ufl.edu/Herbarium/jpg/042/42659s1.jpg,http://sernecportal.org/portal/collections/individual/index.php?occid=7348666,"Symphyotrichum dumosum","United States",Florida,Alachua,FLAS,,42659,53,"Fall Flowers of Alachua County, Florida"
57fbd8ce00cf79492f8b48dd,57fbd8ce00cf79492f8b48dd.jpg,http://cdn.flmnh.ufl.edu/Herbarium/jpg/042/42660s1.jpg,http://sernecportal.org/portal/collections/individual/index.php?occid=7348667,"Symphyotrichum dumosum","United States",Florida,Alachua,FLAS,,42660,53,"Fall Flowers of Alachua County, Florida"
57fbd8ce00cf79492f8b48df,57fbd8ce00cf79492f8b48df.jpg,http://cdn.flmnh.ufl.edu/Herbarium/jpg/053/53355s1.jpg,http://sernecportal.org/portal/collections/individual/index.php?occid=7348682,"Symphyotrichum chapmanii","United States",Florida,Alachua,FLAS,,53355,53,"Fall Flowers of Alachua County, Florida"
57fbd8ce00cf79492f8b48e7,57fbd8ce00cf79492f8b48e7.jpg,http://cdn.flmnh.ufl.edu/Herbarium/jpg/034/34239s1.jpg,http://sernecportal.org/portal/collections/individual/index.php?occid=7348754,"Symphyotrichum elliottii","United States",Florida,Alachua,FLAS,,34239,53,"Fall Flowers of Alachua County, Florida"
57fbd8ce00cf79492f8b48eb,57fbd8ce00cf79492f8b48eb.jpg,http://cdn.flmnh.ufl.edu/Herbarium/jpg/031/31347s1.jpg,http://sernecportal.org/portal/collections/individual/index.php?occid=7348756,"Symphyotrichum elliottii","United States",Florida,Alachua,FLAS,,31347,53,"Fall Flowers of Alachua County, Florida"
57fbd8ce00cf79492f8b48ed,57fbd8ce00cf79492f8b48ed.jpg,http://cdn.flmnh.ufl.edu/Herbarium/jpg/120/120092s1.jpg,http://sernecportal.org/portal/collections/individual/index.php?occid=7348843,"Symphyotrichum fontinale","United States",Florida,Alachua,FLAS,,120092,53,"Fall Flowers of Alachua County, Florida"
57fbd8ce00cf79492f8b48ef,57fbd8ce00cf79492f8b48ef.jpg,http://cdn.flmnh.ufl.edu/Herbarium/jpg/151/151895s1.jpg,http://sernecportal.org/portal/collections/individual/index.php?occid=7348859,"Symphyotrichum racemosum","United States",Florida,Alachua,FLAS,,151895,53,"Fall Flowers of Alachua County, Florida"
57fbd8ce00cf79492f8b48f1,57fbd8ce00cf79492f8b48f1.jpg,http://cdn.flmnh.ufl.edu/Herbarium/jpg/042/42662s1.jpg,http://sernecportal.org/portal/collections/individual/index.php?occid=7348860,"Symphyotrichum racemosum","United States",Florida,Alachua,FLAS,,42662,53,"Fall Flowers of Alachua County, Florida"
57fbd8ce00cf79492f8b48f9,57fbd8ce00cf79492f8b48f9.jpg,http://cdn.flmnh.ufl.edu/Herbarium/jpg/025/25046s1.jpg,http://sernecportal.org/portal/collections/individual/index.php?occid=7349034,"Oclemena reticulata","United States",Florida,Alachua,FLAS,,25046,53,"Fall Flowers of Alachua County, Florida"
57fbd8ce00cf79492f8b48fb,57fbd8ce00cf79492f8b48fb.jpg,http://cdn.flmnh.ufl.edu/Herbarium/jpg/082/82550s1.jpg,http://sernecportal.org/portal/collections/individual/index.php?occid=7349035,"Oclemena reticulata","United States",Florida,Alachua,FLAS,,82550,53,"Fall Flowers of Alachua County, Florida"
57fbd8ce00cf79492f8b48fd,57fbd8ce00cf79492f8b48fd.jpg,http://cdn.flmnh.ufl.edu/Herbarium/jpg/025/25047s1.jpg,http://sernecportal.org/portal/collections/individual/index.php?occid=7349036,"Oclemena reticulata","United States",Florida,Alachua,FLAS,,25047,53,"Fall Flowers of Alachua County, Florida"
57fbd8ce00cf79492f8b48ff,57fbd8ce00cf79492f8b48ff.jpg,http://cdn.flmnh.ufl.edu/Herbarium/jpg/025/25032s1.jpg,http://sernecportal.org/portal/collections/individual/index.php?occid=7349037,"Oclemena reticulata","United States",Florida,Alachua,FLAS,,25032,53,"Fall Flowers of Alachua County, Florida"
57fbd8ce00cf79492f8b4901,57fbd8ce00cf79492f8b4901.jpg,http://cdn.flmnh.ufl.edu/Herbarium/jpg/025/25042s1.jpg,http://sernecportal.org/portal/collections/individual/index.php?occid=7349038,"Oclemena reticulata","United States",Florida,Alachua,FLAS,,25042,53,"Fall Flowers of Alachua County, Florida"
57fbd8ce00cf79492f8b4905,57fbd8ce00cf79492f8b4905.jpg,http://cdn.flmnh.ufl.edu/Herbarium/jpg/025/25038s1.jpg,http://sernecportal.org/portal/collections/individual/index.php?occid=7349040,"Oclemena reticulata","United States",Florida,Alachua,FLAS,,25038,53,"Fall Flowers of Alachua County, Florida"
57fbd8ce00cf79492f8b490f,57fbd8ce00cf79492f8b490f.jpg,http://cdn.flmnh.ufl.edu/Herbarium/jpg/081/81817s1.jpg,http://sernecportal.org/portal/collections/individual/index.php?occid=7349198,"Symphyotrichum subulatum","United States",Florida,Alachua,FLAS,,81817,53,"Fall Flowers of Alachua County, Florida"
57fbd8ce00cf79492f8b4911,57fbd8ce00cf79492f8b4911.jpg,http://cdn.flmnh.ufl.edu/Herbarium/jpg/150/150276s1.jpg,http://sernecportal.org/portal/collections/individual/index.php?occid=7349199,"Symphyotrichum subulatum","United States",Florida,Alachua,FLAS,,150276,53,"Fall Flowers of Alachua County, Florida"
57fbd8ce00cf79492f8b4913,57fbd8ce00cf79492f8b4913.jpg,http://cdn.flmnh.ufl.edu/Herbarium/jpg/025/25043s1.jpg,http://sernecportal.org/portal/collections/individual/index.php?occid=7349314,"Sericocarpus tortifolius","United States",Florida,Alachua,FLAS,,25043,53,"Fall Flowers of Alachua County, Florida"
57fbd8ce00cf79492f8b4915,57fbd8ce00cf79492f8b4915.jpg,http://cdn.flmnh.ufl.edu/Herbarium/jpg/025/25048s1.jpg,http://sernecportal.org/portal/collections/individual/index.php?occid=7349315,"Sericocarpus tortifolius","United States",Florida,Alachua,FLAS,,25048,53,"Fall Flowers of Alachua County, Florida"
57fbd8ce00cf79492f8b4917,57fbd8ce00cf79492f8b4917.jpg,http://cdn.flmnh.ufl.edu/Herbarium/jpg/025/25778s1.jpg,http://sernecportal.org/portal/collections/individual/index.php?occid=7349409,"Symphyotrichum undulatum","United States",Florida,Alachua,FLAS,,25778,53,"Fall Flowers of Alachua County, Florida"
57fbd8ce00cf79492f8b491b,57fbd8ce00cf79492f8b491b.jpg,http://cdn.flmnh.ufl.edu/Herbarium/jpg/122/122503s1.jpg,http://sernecportal.org/portal/collections/individual/index.php?occid=7349411,"Symphyotrichum undulatum","United States",Florida,Alachua,FLAS,,122503,53,"Fall Flowers of Alachua County, Florida"
57fbd8ce00cf79492f8b491d,57fbd8ce00cf79492f8b491d.jpg,http://cdn.flmnh.ufl.edu/Herbarium/jpg/122/122504s1.jpg,http://sernecportal.org/portal/collections/individual/index.php?occid=7349412,"Symphyotrichum undulatum","United States",Florida,Alachua,FLAS,,122504,53,"Fall Flowers of Alachua County, Florida"
57fbd8ce00cf79492f8b491f,57fbd8ce00cf79492f8b491f.jpg,http://cdn.flmnh.ufl.edu/Herbarium/jpg/122/122507s1.jpg,http://sernecportal.org/portal/collections/individual/index.php?occid=7349413,"Symphyotrichum undulatum","United States",Florida,Alachua,FLAS,,122507,53,"Fall Flowers of Alachua County, Florida"
57fbd8ce00cf79492f8b4921,57fbd8ce00cf79492f8b4921.jpg,http://cdn.flmnh.ufl.edu/Herbarium/jpg/122/122505s1.jpg,http://sernecportal.org/portal/collections/individual/index.php?occid=7349414,"Symphyotrichum undulatum","United States",Florida,Alachua,FLAS,,122505,53,"Fall Flowers of Alachua County, Florida"
57fbd8ce00cf79492f8b4923,57fbd8ce00cf79492f8b4923.jpg,http://cdn.flmnh.ufl.edu/Herbarium/jpg/012/12978s1.jpg,http://sernecportal.org/portal/collections/individual/index.php?occid=7349415,"Symphyotrichum undulatum","United States",Florida,Alachua,FLAS,,12978,53,"Fall Flowers of Alachua County, Florida"
57fbd8ce00cf79492f8b4929,57fbd8ce00cf79492f8b4929.jpg,http://cdn.flmnh.ufl.edu/Herbarium/jpg/042/42652s1.jpg,http://sernecportal.org/portal/collections/individual/index.php?occid=7349418,"Symphyotrichum undulatum","United States",Florida,Alachua,FLAS,,42652,53,"Fall Flowers of Alachua County, Florida"
57fbd8ce00cf79492f8b492b,57fbd8ce00cf79492f8b492b.jpg,http://cdn.flmnh.ufl.edu/Herbarium/jpg/042/42649s1.jpg,http://sernecportal.org/portal/collections/individual/index.php?occid=7349419,"Symphyotrichum undulatum","United States",Florida,Alachua,FLAS,,42649,53,"Fall Flowers of Alachua County, Florida"
57fbd8ce00cf79492f8b492d,57fbd8ce00cf79492f8b492d.jpg,http://cdn.flmnh.ufl.edu/Herbarium/jpg/042/42648s1.jpg,http://sernecportal.org/portal/collections/individual/index.php?occid=7349420,"Symphyotrichum undulatum","United States",Florida,Alachua,FLAS,,42648,53,"Fall Flowers of Alachua County, Florida"
57fbd8ce00cf79492f8b492f,57fbd8ce00cf79492f8b492f.jpg,http://cdn.flmnh.ufl.edu/Herbarium/jpg/122/122510s1.jpg,http://sernecportal.org/portal/collections/individual/index.php?occid=7349421,"Symphyotrichum undulatum","United States",Florida,Alachua,FLAS,,122510,53,"Fall Flowers of Alachua County, Florida"
57fbd8ce00cf79492f8b4931,57fbd8ce00cf79492f8b4931.jpg,http://cdn.flmnh.ufl.edu/Herbarium/jpg/042/42669s1.jpg,http://sernecportal.org/portal/collections/individual/index.php?occid=7349456,"Symphyotrichum walteri","United States",Florida,Alachua,FLAS,,42669,53,"Fall Flowers of Alachua County, Florida"
57fbd8ce00cf79492f8b4933,57fbd8ce00cf79492f8b4933.jpg,http://cdn.flmnh.ufl.edu/Herbarium/jpg/023/23444s1.jpg,http://sernecportal.org/portal/collections/individual/index.php?occid=7349457,"Symphyotrichum walteri","United States",Florida,Alachua,FLAS,,23444,53,"Fall Flowers of Alachua County, Florida"
57fbd8ce00cf79492f8b4939,57fbd8ce00cf79492f8b4939.jpg,http://cdn.flmnh.ufl.edu/Herbarium/jpg/031/31299s1.jpg,http://sernecportal.org/portal/collections/individual/index.php?occid=7349603,"Symphyotrichum dumosum","United States",Florida,Alachua,FLAS,,31299,53,"Fall Flowers of Alachua County, Florida"
57fbd8ce00cf79492f8b4943,57fbd8ce00cf79492f8b4943.jpg,http://cdn.flmnh.ufl.edu/Herbarium/jpg/023/23265s1.jpg,http://sernecportal.org/portal/collections/individual/index.php?occid=7349635,"Balduina angustifolia","United States",Florida,Alachua,FLAS,,23265,53,"Fall Flowers of Alachua County, Florida"
57fbd8ce00cf79492f8b4945,57fbd8ce00cf79492f8b4945.jpg,http://cdn.flmnh.ufl.edu/Herbarium/jpg/001/1228s1.jpg,http://sernecportal.org/portal/collections/individual/index.php?occid=7349636,"Balduina angustifolia","United States",Florida,Alachua,FLAS,,1228,53,"Fall Flowers of Alachua County, Florida"
57fbd8ce00cf79492f8b4949,57fbd8ce00cf79492f8b4949.jpg,http://cdn.flmnh.ufl.edu/Herbarium/jpg/164/164924s1.jpg,http://sernecportal.org/portal/collections/individual/index.php?occid=7349714,"Balduina uniflora","United States",Florida,Alachua,FLAS,,164924,53,"Fall Flowers of Alachua County, Florida"
57fbd8ce00cf79492f8b494b,57fbd8ce00cf79492f8b494b.jpg,http://cdn.flmnh.ufl.edu/Herbarium/jpg/024/24039s1.jpg,http://sernecportal.org/portal/collections/individual/index.php?occid=7349715,"Balduina uniflora","United States",Florida,Alachua,FLAS,,24039,53,"Fall Flowers of Alachua County, Florida"
57fbd8ce00cf79492f8b494d,57fbd8ce00cf79492f8b494d.jpg,http://cdn.flmnh.ufl.edu/Herbarium/jpg/148/148341s1.jpg,http://sernecportal.org/portal/collections/individual/index.php?occid=7349768,"Symphyotrichum racemosum","United States",Florida,Alachua,FLAS,,148341,53,"Fall Flowers of Alachua County, Florida"
57fbd8ce00cf79492f8b494f,57fbd8ce00cf79492f8b494f.jpg,http://cdn.flmnh.ufl.edu/Herbarium/jpg/023/23510s1.jpg,http://sernecportal.org/portal/collections/individual/index.php?occid=7349774,"Bellis perennis","United States",Florida,Alachua,FLAS,,23510,53,"Fall Flowers of Alachua County, Florida"
57fbd8ce00cf79492f8b4951,57fbd8ce00cf79492f8b4951.jpg,http://cdn.flmnh.ufl.edu/Herbarium/jpg/097/97893s1.jpg,http://sernecportal.org/portal/collections/individual/index.php?occid=7349783,"Berlandiera pumila","United States",Florida,Alachua,FLAS,,97893,53,"Fall Flowers of Alachua County, Florida"
57fbd8ce00cf79492f8b4953,57fbd8ce00cf79492f8b4953.jpg,http://cdn.flmnh.ufl.edu/Herbarium/jpg/023/23524s1.jpg,http://sernecportal.org/portal/collections/individual/index.php?occid=7349784,"Berlandiera pumila","United States",Florida,Alachua,FLAS,,23524,53,"Fall Flowers of Alachua County, Florida"
57fbd8ce00cf79492f8b4955,57fbd8ce00cf79492f8b4955.jpg,http://cdn.flmnh.ufl.edu/Herbarium/jpg/023/23531s1.jpg,http://sernecportal.org/portal/collections/individual/index.php?occid=7349785,"Berlandiera pumila","United States",Florida,Alachua,FLAS,,23531,53,"Fall Flowers of Alachua County, Florida"
57fbd8ce00cf79492f8b4957,57fbd8ce00cf79492f8b4957.jpg,http://cdn.flmnh.ufl.edu/Herbarium/jpg/023/23520s1.jpg,http://sernecportal.org/portal/collections/individual/index.php?occid=7349786,"Berlandiera pumila","United States",Florida,Alachua,FLAS,,23520,53,"Fall Flowers of Alachua County, Florida"
57fbd8cf00cf79492f8b4959,57fbd8cf00cf79492f8b4959.jpg,http://cdn.flmnh.ufl.edu/Herbarium/jpg/023/23518s1.jpg,http://sernecportal.org/portal/collections/individual/index.php?occid=7349787,"Berlandiera pumila","United States",Florida,Alachua,FLAS,,23518,53,"Fall Flowers of Alachua County, Florida"
57fbd8cf00cf79492f8b495b,57fbd8cf00cf79492f8b495b.jpg,http://cdn.flmnh.ufl.edu/Herbarium/jpg/167/167540s1.jpg,http://sernecportal.org/portal/collections/individual/index.php?occid=7349788,"Berlandiera pumila","United States",Florida,Alachua,FLAS,,167540,53,"Fall Flowers of Alachua County, Florida"
57fbd8cf00cf79492f8b495f,57fbd8cf00cf79492f8b495f.jpg,http://cdn.flmnh.ufl.edu/Herbarium/jpg/025/25648s1.jpg,http://sernecportal.org/portal/collections/individual/index.php?occid=7349790,"Berlandiera pumila","United States",Florida,Alachua,FLAS,,25648,53,"Fall Flowers of Alachua County, Florida"
57fbd8cf00cf79492f8b4961,57fbd8cf00cf79492f8b4961.jpg,http://cdn.flmnh.ufl.edu/Herbarium/jpg/023/23517s1.jpg,http://sernecportal.org/portal/collections/individual/index.php?occid=7349791,"Berlandiera pumila","United States",Florida,Alachua,FLAS,,23517,53,"Fall Flowers of Alachua County, Florida"
57fbd8cf00cf79492f8b4963,57fbd8cf00cf79492f8b4963.jpg,http://cdn.flmnh.ufl.edu/Herbarium/jpg/023/23515s1.jpg,http://sernecportal.org/portal/collections/individual/index.php?occid=7349792,"Berlandiera pumila","United States",Florida,Alachua,FLAS,,23515,53,"Fall Flowers of Alachua County, Florida"
57fbd8cf00cf79492f8b4965,57fbd8cf00cf79492f8b4965.jpg,http://cdn.flmnh.ufl.edu/Herbarium/jpg/094/94830s1.jpg,http://sernecportal.org/portal/collections/individual/index.php?occid=7349793,"Berlandiera pumila","United States",Florida,Alachua,FLAS,,94830,53,"Fall Flowers of Alachua County, Florida"
57fbd8cf00cf79492f8b4967,57fbd8cf00cf79492f8b4967.jpg,http://cdn.flmnh.ufl.edu/Herbarium/jpg/023/23532s1.jpg,http://sernecportal.org/portal/collections/individual/index.php?occid=7349839,"Berlandiera subacaulis","United States",Florida,Alachua,FLAS,,23532,53,"Fall Flowers of Alachua County, Florida"
57fbd8cf00cf79492f8b4969,57fbd8cf00cf79492f8b4969.jpg,http://cdn.flmnh.ufl.edu/Herbarium/jpg/023/23546s1.jpg,http://sernecportal.org/portal/collections/individual/index.php?occid=7349840,"Berlandiera subacaulis","United States",Florida,Alachua,FLAS,,23546,53,"Fall Flowers of Alachua County, Florida"
57fbd8cf00cf79492f8b496b,57fbd8cf00cf79492f8b496b.jpg,http://cdn.flmnh.ufl.edu/Herbarium/jpg/090/90726s1.jpg,http://sernecportal.org/portal/collections/individual/index.php?occid=7349841,"Berlandiera subacaulis","United States",Florida,Alachua,FLAS,,90726,53,"Fall Flowers of Alachua County, Florida"
57fbd8cf00cf79492f8b496d,57fbd8cf00cf79492f8b496d.jpg,http://cdn.flmnh.ufl.edu/Herbarium/jpg/094/94618s1.jpg,http://sernecportal.org/portal/collections/individual/index.php?occid=7349842,"Berlandiera subacaulis","United States",Florida,Alachua,FLAS,,94618,53,"Fall Flowers of Alachua County, Florida"
57fbd8cf00cf79492f8b4971,57fbd8cf00cf79492f8b4971.jpg,http://cdn.flmnh.ufl.edu/Herbarium/jpg/067/67007s1.jpg,http://sernecportal.org/portal/collections/individual/index.php?occid=7349903,"Bidens alba","United States",Florida,Alachua,FLAS,,67007,53,"Fall Flowers of Alachua County, Florida"
57fbd8cf00cf79492f8b4973,57fbd8cf00cf79492f8b4973.jpg,http://cdn.flmnh.ufl.edu/Herbarium/jpg/095/95417s1.jpg,http://sernecportal.org/portal/collections/individual/index.php?occid=7349904,"Bidens alba","United States",Florida,Alachua,FLAS,,95417,53,"Fall Flowers of Alachua County, Florida"
57fbd8cf00cf79492f8b4975,57fbd8cf00cf79492f8b4975.jpg,http://cdn.flmnh.ufl.edu/Herbarium/jpg/160/160442s1.jpg,http://sernecportal.org/portal/collections/individual/index.php?occid=7349905,"Bidens alba","United States",Florida,Alachua,FLAS,,160442,53,"Fall Flowers of Alachua County, Florida"
57fbd8cf00cf79492f8b4977,57fbd8cf00cf79492f8b4977.jpg,http://cdn.flmnh.ufl.edu/Herbarium/jpg/023/23582s1.jpg,http://sernecportal.org/portal/collections/individual/index.php?occid=7349906,"Bidens alba","United States",Florida,Alachua,FLAS,,23582,53,"Fall Flowers of Alachua County, Florida"
57fbd8cf00cf79492f8b4979,57fbd8cf00cf79492f8b4979.jpg,http://cdn.flmnh.ufl.edu/Herbarium/jpg/148/148760s1.jpg,http://sernecportal.org/portal/collections/individual/index.php?occid=7349907,"Bidens alba","United States",Florida,Alachua,FLAS,,148760,53,"Fall Flowers of Alachua County, Florida"
57fbd8cf00cf79492f8b4981,57fbd8cf00cf79492f8b4981.jpg,http://cdn.flmnh.ufl.edu/Herbarium/jpg/171/171427s1.jpg,http://sernecportal.org/portal/collections/individual/index.php?occid=7349911,"Bidens alba","United States",Florida,Alachua,FLAS,,171427,53,"Fall Flowers of Alachua County, Florida"
57fbd8cf00cf79492f8b4983,57fbd8cf00cf79492f8b4983.jpg,http://cdn.flmnh.ufl.edu/Herbarium/jpg/153/153363s1.jpg,http://sernecportal.org/portal/collections/individual/index.php?occid=7349912,"Bidens alba","United States",Florida,Alachua,FLAS,,153363,53,"Fall Flowers of Alachua County, Florida"
57fbd8cf00cf79492f8b4985,57fbd8cf00cf79492f8b4985.jpg,http://cdn.flmnh.ufl.edu/Herbarium/jpg/122/122804s1.jpg,http://sernecportal.org/portal/collections/individual/index.php?occid=7349913,"Bidens alba","United States",Florida,Alachua,FLAS,,122804,53,"Fall Flowers of Alachua County, Florida"
57fbd8cf00cf79492f8b4987,57fbd8cf00cf79492f8b4987.jpg,http://cdn.flmnh.ufl.edu/Herbarium/jpg/012/12209s1.jpg,http://sernecportal.org/portal/collections/individual/index.php?occid=7349914,"Bidens alba","United States",Florida,Alachua,FLAS,,12209,53,"Fall Flowers of Alachua County, Florida"
57fbd8cf00cf79492f8b498b,57fbd8cf00cf79492f8b498b.jpg,http://cdn.flmnh.ufl.edu/Herbarium/jpg/164/164088s1.jpg,http://sernecportal.org/portal/collections/individual/index.php?occid=7350015,"Bidens bipinnata","United States",Florida,Alachua,FLAS,,164088,53,"Fall Flowers of Alachua County, Florida"
57fbd8cf00cf79492f8b498d,57fbd8cf00cf79492f8b498d.jpg,http://cdn.flmnh.ufl.edu/Herbarium/jpg/164/164089s1.jpg,http://sernecportal.org/portal/collections/individual/index.php?occid=7350016,"Bidens bipinnata","United States",Florida,Alachua,FLAS,,164089,53,"Fall Flowers of Alachua County, Florida"
57fbd8cf00cf79492f8b498f,57fbd8cf00cf79492f8b498f.jpg,http://cdn.flmnh.ufl.edu/Herbarium/jpg/148/148756s1.jpg,http://sernecportal.org/portal/collections/individual/index.php?occid=7350017,"Bidens bipinnata","United States",Florida,Alachua,FLAS,,148756,53,"Fall Flowers of Alachua County, Florida"
57fbd8cf00cf79492f8b4991,57fbd8cf00cf79492f8b4991.jpg,http://cdn.flmnh.ufl.edu/Herbarium/jpg/144/144130s1.jpg,http://sernecportal.org/portal/collections/individual/index.php?occid=7350018,"Bidens bipinnata","United States",Florida,Alachua,FLAS,,144130,53,"Fall Flowers of Alachua County, Florida"
57fbd8cf00cf79492f8b4993,57fbd8cf00cf79492f8b4993.jpg,http://cdn.flmnh.ufl.edu/Herbarium/jpg/014/14264s1.jpg,http://sernecportal.org/portal/collections/individual/index.php?occid=7350019,"Bidens bipinnata","United States",Florida,Alachua,FLAS,,14264,53,"Fall Flowers of Alachua County, Florida"
57fbd8cf00cf79492f8b4995,57fbd8cf00cf79492f8b4995.jpg,http://cdn.flmnh.ufl.edu/Herbarium/jpg/023/23559s1.jpg,http://sernecportal.org/portal/collections/individual/index.php?occid=7350020,"Bidens bipinnata","United States",Florida,Alachua,FLAS,,23559,53,"Fall Flowers of Alachua County, Florida"
57fbd8cf00cf79492f8b4997,57fbd8cf00cf79492f8b4997.jpg,http://cdn.flmnh.ufl.edu/Herbarium/jpg/171/171430s1.jpg,http://sernecportal.org/portal/collections/individual/index.php?occid=7350049,"Bidens discoidea","United States",Florida,Alachua,FLAS,,171430,53,"Fall Flowers of Alachua County, Florida"
57fbd8cf00cf79492f8b4999,57fbd8cf00cf79492f8b4999.jpg,http://cdn.flmnh.ufl.edu/Herbarium/jpg/122/122329s1.jpg,http://sernecportal.org/portal/collections/individual/index.php?occid=7350050,"Bidens discoidea","United States",Florida,Alachua,FLAS,,122329,53,"Fall Flowers of Alachua County, Florida"
57fbd8cf00cf79492f8b499b,57fbd8cf00cf79492f8b499b.jpg,http://cdn.flmnh.ufl.edu/Herbarium/jpg/122/122330s1.jpg,http://sernecportal.org/portal/collections/individual/index.php?occid=7350051,"Bidens discoidea","United States",Florida,Alachua,FLAS,,122330,53,"Fall Flowers of Alachua County, Florida"
57fbd8cf00cf79492f8b499f,57fbd8cf00cf79492f8b499f.jpg,http://cdn.flmnh.ufl.edu/Herbarium/jpg/171/171432s1.jpg,http://sernecportal.org/portal/collections/individual/index.php?occid=7350069,"Bidens laevis","United States",Florida,Alachua,FLAS,,171432,53,"Fall Flowers of Alachua County, Florida"
57fbd8cf00cf79492f8b49a1,57fbd8cf00cf79492f8b49a1.jpg,http://cdn.flmnh.ufl.edu/Herbarium/jpg/115/115596s1.jpg,http://sernecportal.org/portal/collections/individual/index.php?occid=7350070,"Bidens laevis","United States",Florida,Alachua,FLAS,,115596,53,"Fall Flowers of Alachua County, Florida"
57fbd8cf00cf79492f8b49a3,57fbd8cf00cf79492f8b49a3.jpg,http://cdn.flmnh.ufl.edu/Herbarium/jpg/109/109816s1.jpg,http://sernecportal.org/portal/collections/individual/index.php?occid=7350071,"Bidens laevis","United States",Florida,Alachua,FLAS,,109816,53,"Fall Flowers of Alachua County, Florida"
57fbd8cf00cf79492f8b49a7,57fbd8cf00cf79492f8b49a7.jpg,http://cdn.flmnh.ufl.edu/Herbarium/jpg/099/99918s1.jpg,http://sernecportal.org/portal/collections/individual/index.php?occid=7350073,"Bidens laevis","United States",Florida,Alachua,FLAS,,99918,53,"Fall Flowers of Alachua County, Florida"
57fbd8cf00cf79492f8b49a9,57fbd8cf00cf79492f8b49a9.jpg,http://cdn.flmnh.ufl.edu/Herbarium/jpg/031/31556s1.jpg,http://sernecportal.org/portal/collections/individual/index.php?occid=7350074,"Bidens laevis","United States",Florida,Alachua,FLAS,,31556,53,"Fall Flowers of Alachua County, Florida"
57fbd8cf00cf79492f8b49ab,57fbd8cf00cf79492f8b49ab.jpg,http://cdn.flmnh.ufl.edu/Herbarium/jpg/148/148418s1.jpg,http://sernecportal.org/portal/collections/individual/index.php?occid=7350075,"Bidens laevis","United States",Florida,Alachua,FLAS,,148418,53,"Fall Flowers of Alachua County, Florida"
57fbd8cf00cf79492f8b49af,57fbd8cf00cf79492f8b49af.jpg,http://cdn.flmnh.ufl.edu/Herbarium/jpg/039/39382s1.jpg,http://sernecportal.org/portal/collections/individual/index.php?occid=7350077,"Bidens laevis","United States",Florida,Alachua,FLAS,,39382,53,"Fall Flowers of Alachua County, Florida"
57fbd8cf00cf79492f8b49b1,57fbd8cf00cf79492f8b49b1.jpg,http://cdn.flmnh.ufl.edu/Herbarium/jpg/090/90667s1.jpg,http://sernecportal.org/portal/collections/individual/index.php?occid=7350107,"Bidens mitis","United States",Florida,Alachua,FLAS,,90667,53,"Fall Flowers of Alachua County, Florida"
57fbd8cf00cf79492f8b49b7,57fbd8cf00cf79492f8b49b7.jpg,http://cdn.flmnh.ufl.edu/Herbarium/jpg/159/159477s1.jpg,http://sernecportal.org/portal/collections/individual/index.php?occid=7350110,"Bidens mitis","United States",Florida,Alachua,FLAS,,159477,53,"Fall Flowers of Alachua County, Florida"
57fbd8cf00cf79492f8b49b9,57fbd8cf00cf79492f8b49b9.jpg,http://cdn.flmnh.ufl.edu/Herbarium/jpg/242/242771s1.jpg,http://sernecportal.org/portal/collections/individual/index.php?occid=7350111,"Bidens mitis","United States",Florida,Alachua,FLAS,,242771,53,"Fall Flowers of Alachua County, Florida"
57fbd8cf00cf79492f8b49bb,57fbd8cf00cf79492f8b49bb.jpg,http://cdn.flmnh.ufl.edu/Herbarium/jpg/023/23570s1.jpg,http://sernecportal.org/portal/collections/individual/index.php?occid=7350112,"Bidens mitis","United States",Florida,Alachua,FLAS,,23570,53,"Fall Flowers of Alachua County, Florida"
57fbd8cf00cf79492f8b49c1,57fbd8cf00cf79492f8b49c1.jpg,http://cdn.flmnh.ufl.edu/Herbarium/jpg/023/23565s1.jpg,http://sernecportal.org/portal/collections/individual/index.php?occid=7350115,"Bidens mitis","United States",Florida,Alachua,FLAS,,23565,53,"Fall Flowers of Alachua County, Florida"
57fbd8cf00cf79492f8b49c5,57fbd8cf00cf79492f8b49c5.jpg,http://cdn.flmnh.ufl.edu/Herbarium/jpg/012/12929s1.jpg,http://sernecportal.org/portal/collections/individual/index.php?occid=7350117,"Bidens mitis","United States",Florida,Alachua,FLAS,,12929,53,"Fall Flowers of Alachua County, Florida"
57fbd8cf00cf79492f8b49c7,57fbd8cf00cf79492f8b49c7.jpg,http://cdn.flmnh.ufl.edu/Herbarium/jpg/023/23568s1.jpg,http://sernecportal.org/portal/collections/individual/index.php?occid=7350118,"Bidens mitis","United States",Florida,Alachua,FLAS,,23568,53,"Fall Flowers of Alachua County, Florida"
57fbd8cf00cf79492f8b49c9,57fbd8cf00cf79492f8b49c9.jpg,http://cdn.flmnh.ufl.edu/Herbarium/jpg/000/65s1.jpg,http://sernecportal.org/portal/collections/individual/index.php?occid=7350119,"Bidens mitis","United States",Florida,Alachua,FLAS,,65,53,"Fall Flowers of Alachua County, Florida"
57fbd8cf00cf79492f8b49e3,57fbd8cf00cf79492f8b49e3.jpg,http://cdn.flmnh.ufl.edu/Herbarium/jpg/245/245514s1.jpg,http://sernecportal.org/portal/collections/individual/index.php?occid=11240884,"Erigeron quercifolius","United States",Florida,Alachua,FLAS,,245514,53,"Fall Flowers of Alachua County, Florida"
57fbd8cf00cf79492f8b49e5,57fbd8cf00cf79492f8b49e5.jpg,http://cdn.flmnh.ufl.edu/Herbarium/jpg/245/245515s1.jpg,http://sernecportal.org/portal/collections/individual/index.php?occid=11240885,"Erigeron quercifolius","United States",Florida,Alachua,FLAS,,245515,53,"Fall Flowers of Alachua County, Florida"
57fbd8cf00cf79492f8b49e7,57fbd8cf00cf79492f8b49e7.jpg,http://cdn.flmnh.ufl.edu/Herbarium/jpg/245/245517s1.jpg,http://sernecportal.org/portal/collections/individual/index.php?occid=11240887,"Erigeron strigosus","United States",Florida,Alachua,FLAS,,245517,53,"Fall Flowers of Alachua County, Florida"
57fbd8cf00cf79492f8b49eb,57fbd8cf00cf79492f8b49eb.jpg,http://cdn.flmnh.ufl.edu/Herbarium/jpg/245/245688s1.jpg,http://sernecportal.org/portal/collections/individual/index.php?occid=11241058,"Helianthus annuus","United States",Florida,Alachua,FLAS,,245688,53,"Fall Flowers of Alachua County, Florida"
57fbd8cf00cf79492f8b49f1,57fbd8cf00cf79492f8b49f1.jpg,http://cdn.flmnh.ufl.edu/Herbarium/jpg/245/245879s1.jpg,http://sernecportal.org/portal/collections/individual/index.php?occid=11241248,"Lactuca graminifolia","United States",Florida,Alachua,FLAS,,245879,53,"Fall Flowers of Alachua County, Florida"
57fbd8cf00cf79492f8b49f3,57fbd8cf00cf79492f8b49f3.jpg,http://cdn.flmnh.ufl.edu/Herbarium/jpg/245/245882s1.jpg,http://sernecportal.org/portal/collections/individual/index.php?occid=11241251,"Lactuca graminifolia","United States",Florida,Alachua,FLAS,,245882,53,"Fall Flowers of Alachua County, Florida"
57fbd8cf00cf79492f8b49f9,57fbd8cf00cf79492f8b49f9.jpg,http://cdn.flmnh.ufl.edu/Herbarium/jpg/245/245964s1.jpg,http://sernecportal.org/portal/collections/individual/index.php?occid=11241326,"Melanthera nivea","United States",Florida,Alachua,FLAS,,245964,53,"Fall Flowers of Alachua County, Florida"
57fbd8cf00cf79492f8b49fd,57fbd8cf00cf79492f8b49fd.jpg,http://cdn.flmnh.ufl.edu/Herbarium/jpg/246/246099s1.jpg,http://sernecportal.org/portal/collections/individual/index.php?occid=11287575,"Pyrrhopappus carolinianus","United States",Florida,Alachua,FLAS,,246099,53,"Fall Flowers of Alachua County, Florida"
57fbd8ce00cf79492f8b48bb,57fbd8ce00cf79492f8b48bb.jpg,http://cdn.flmnh.ufl.edu/Herbarium/jpg/148/148748s1.jpg,http://sernecportal.org/portal/collections/individual/index.php?occid=7348372,"Anthemis cotula","United States",Florida,Alachua,FLAS,,148748,53,"Fall Flowers of Alachua County, Florida"
57fbd8ce00cf79492f8b48c9,57fbd8ce00cf79492f8b48c9.jpg,http://cdn.flmnh.ufl.edu/Herbarium/jpg/089/89634s1.jpg,http://sernecportal.org/portal/collections/individual/index.php?occid=7348453,"Symphyotrichum carolinianum","United States",Florida,Alachua,FLAS,,89634,53,"Fall Flowers of Alachua County, Florida"
57fbd8ce00cf79492f8b48cb,57fbd8ce00cf79492f8b48cb.jpg,http://cdn.flmnh.ufl.edu/Herbarium/jpg/023/23350s1.jpg,http://sernecportal.org/portal/collections/individual/index.php?occid=7348454,"Symphyotrichum carolinianum","United States",Florida,Alachua,FLAS,,23350,53,"Fall Flowers of Alachua County, Florida"
57fbd8ce00cf79492f8b48d1,57fbd8ce00cf79492f8b48d1.jpg,http://cdn.flmnh.ufl.edu/Herbarium/jpg/151/151899s1.jpg,http://sernecportal.org/portal/collections/individual/index.php?occid=7348602,"Symphyotrichum dumosum","United States",Florida,Alachua,FLAS,,151899,53,"Fall Flowers of Alachua County, Florida"
57fbd8ce00cf79492f8b48e1,57fbd8ce00cf79492f8b48e1.jpg,http://cdn.flmnh.ufl.edu/Herbarium/jpg/148/148751s1.jpg,http://sernecportal.org/portal/collections/individual/index.php?occid=7348751,"Symphyotrichum elliottii","United States",Florida,Alachua,FLAS,,148751,53,"Fall Flowers of Alachua County, Florida"
57fbd8ce00cf79492f8b48e3,57fbd8ce00cf79492f8b48e3.jpg,http://cdn.flmnh.ufl.edu/Herbarium/jpg/148/148752s1.jpg,http://sernecportal.org/portal/collections/individual/index.php?occid=7348752,"Symphyotrichum elliottii","United States",Florida,Alachua,FLAS,,148752,53,"Fall Flowers of Alachua County, Florida"
57fbd8ce00cf79492f8b48e5,57fbd8ce00cf79492f8b48e5.jpg,http://cdn.flmnh.ufl.edu/Herbarium/jpg/095/95448s1.jpg,http://sernecportal.org/portal/collections/individual/index.php?occid=7348753,"Symphyotrichum elliottii","United States",Florida,Alachua,FLAS,,95448,53,"Fall Flowers of Alachua County, Florida"
57fbd8ce00cf79492f8b48e9,57fbd8ce00cf79492f8b48e9.jpg,http://cdn.flmnh.ufl.edu/Herbarium/jpg/027/27819s1.jpg,http://sernecportal.org/portal/collections/individual/index.php?occid=7348755,"Symphyotrichum elliottii","United States",Florida,Alachua,FLAS,,27819,53,"Fall Flowers of Alachua County, Florida"
57fbd8ce00cf79492f8b48f3,57fbd8ce00cf79492f8b48f3.jpg,http://cdn.flmnh.ufl.edu/Herbarium/jpg/148/148750s1.jpg,http://sernecportal.org/portal/collections/individual/index.php?occid=7348861,"Symphyotrichum racemosum","United States",Florida,Alachua,FLAS,,148750,53,"Fall Flowers of Alachua County, Florida"
57fbd8ce00cf79492f8b48f5,57fbd8ce00cf79492f8b48f5.jpg,http://cdn.flmnh.ufl.edu/Herbarium/jpg/148/148503s1.jpg,http://sernecportal.org/portal/collections/individual/index.php?occid=7348908,"Symphyotrichum lateriflorum","United States",Florida,Alachua,FLAS,,148503,53,"Fall Flowers of Alachua County, Florida"
57fbd8ce00cf79492f8b48f7,57fbd8ce00cf79492f8b48f7.jpg,http://cdn.flmnh.ufl.edu/Herbarium/jpg/117/117429s1.jpg,http://sernecportal.org/portal/collections/individual/index.php?occid=7348909,"Symphyotrichum lateriflorum","United States",Florida,Alachua,FLAS,,117429,53,"Fall Flowers of Alachua County, Florida"
57fbd8ce00cf79492f8b4903,57fbd8ce00cf79492f8b4903.jpg,http://cdn.flmnh.ufl.edu/Herbarium/jpg/095/95054s1.jpg,http://sernecportal.org/portal/collections/individual/index.php?occid=7349039,"Oclemena reticulata","United States",Florida,Alachua,FLAS,,95054,53,"Fall Flowers of Alachua County, Florida"
57fbd8ce00cf79492f8b4907,57fbd8ce00cf79492f8b4907.jpg,http://cdn.flmnh.ufl.edu/Herbarium/jpg/114/114136s1.jpg,http://sernecportal.org/portal/collections/individual/index.php?occid=7349131,"Symphyotrichum simmondsii","United States",Florida,Alachua,FLAS,,114136,53,"Fall Flowers of Alachua County, Florida"
57fbd8ce00cf79492f8b490b,57fbd8ce00cf79492f8b490b.jpg,http://cdn.flmnh.ufl.edu/Herbarium/jpg/114/114135s1.jpg,http://sernecportal.org/portal/collections/individual/index.php?occid=7349133,"Symphyotrichum simmondsii","United States",Florida,Alachua,FLAS,,114135,53,"Fall Flowers of Alachua County, Florida"
57fbd8ce00cf79492f8b490d,57fbd8ce00cf79492f8b490d.jpg,http://cdn.flmnh.ufl.edu/Herbarium/jpg/148/148753s1.jpg,http://sernecportal.org/portal/collections/individual/index.php?occid=7349197,"Symphyotrichum subulatum","United States",Florida,Alachua,FLAS,,148753,53,"Fall Flowers of Alachua County, Florida"
57fbd8ce00cf79492f8b4919,57fbd8ce00cf79492f8b4919.jpg,http://cdn.flmnh.ufl.edu/Herbarium/jpg/012/12977s1.jpg,http://sernecportal.org/portal/collections/individual/index.php?occid=7349410,"Symphyotrichum undulatum","United States",Florida,Alachua,FLAS,,12977,53,"Fall Flowers of Alachua County, Florida"
57fbd8ce00cf79492f8b4925,57fbd8ce00cf79492f8b4925.jpg,http://cdn.flmnh.ufl.edu/Herbarium/jpg/012/12979s1.jpg,http://sernecportal.org/portal/collections/individual/index.php?occid=7349416,"Symphyotrichum undulatum","United States",Florida,Alachua,FLAS,,12979,53,"Fall Flowers of Alachua County, Florida"
57fbd8ce00cf79492f8b4927,57fbd8ce00cf79492f8b4927.jpg,http://cdn.flmnh.ufl.edu/Herbarium/jpg/012/12980s1.jpg,http://sernecportal.org/portal/collections/individual/index.php?occid=7349417,"Symphyotrichum undulatum","United States",Florida,Alachua,FLAS,,12980,53,"Fall Flowers of Alachua County, Florida"
57fbd8ce00cf79492f8b4935,57fbd8ce00cf79492f8b4935.jpg,http://cdn.flmnh.ufl.edu/Herbarium/jpg/179/179378s1.jpg,http://sernecportal.org/portal/collections/individual/index.php?occid=7349593,Aster,"United States",Florida,Alachua,FLAS,,179378,53,"Fall Flowers of Alachua County, Florida"
57fbd8ce00cf79492f8b4937,57fbd8ce00cf79492f8b4937.jpg,http://cdn.flmnh.ufl.edu/Herbarium/jpg/148/148749s1.jpg,http://sernecportal.org/portal/collections/individual/index.php?occid=7349602,"Symphyotrichum dumosum","United States",Florida,Alachua,FLAS,,148749,53,"Fall Flowers of Alachua County, Florida"
57fbd8ce00cf79492f8b493b,57fbd8ce00cf79492f8b493b.jpg,http://cdn.flmnh.ufl.edu/Herbarium/jpg/151/151897s1.jpg,http://sernecportal.org/portal/collections/individual/index.php?occid=7349604,"Symphyotrichum dumosum","United States",Florida,Alachua,FLAS,,151897,53,"Fall Flowers of Alachua County, Florida"
57fbd8ce00cf79492f8b493d,57fbd8ce00cf79492f8b493d.jpg,http://cdn.flmnh.ufl.edu/Herbarium/jpg/151/151898s1.jpg,http://sernecportal.org/portal/collections/individual/index.php?occid=7349605,"Symphyotrichum dumosum","United States",Florida,Alachua,FLAS,,151898,53,"Fall Flowers of Alachua County, Florida"
57fbd8ce00cf79492f8b4941,57fbd8ce00cf79492f8b4941.jpg,http://cdn.flmnh.ufl.edu/Herbarium/jpg/026/26865s1.jpg,http://sernecportal.org/portal/collections/individual/index.php?occid=7349618,"Symphyotrichum dumosum","United States",Florida,Alachua,FLAS,,26865,53,"Fall Flowers of Alachua County, Florida"
57fbd8ce00cf79492f8b4947,57fbd8ce00cf79492f8b4947.jpg,http://cdn.flmnh.ufl.edu/Herbarium/jpg/023/23270s1.jpg,http://sernecportal.org/portal/collections/individual/index.php?occid=7349637,"Balduina angustifolia","United States",Florida,Alachua,FLAS,,23270,53,"Fall Flowers of Alachua County, Florida"
57fbd8cf00cf79492f8b495d,57fbd8cf00cf79492f8b495d.jpg,http://cdn.flmnh.ufl.edu/Herbarium/jpg/090/90693s1.jpg,http://sernecportal.org/portal/collections/individual/index.php?occid=7349789,"Berlandiera pumila","United States",Florida,Alachua,FLAS,,90693,53,"Fall Flowers of Alachua County, Florida"
57fbd8cf00cf79492f8b497b,57fbd8cf00cf79492f8b497b.jpg,http://cdn.flmnh.ufl.edu/Herbarium/jpg/172/172038s1.jpg,http://sernecportal.org/portal/collections/individual/index.php?occid=7349908,"Bidens alba","United States",Florida,Alachua,FLAS,,172038,53,"Fall Flowers of Alachua County, Florida"
57fbd8cf00cf79492f8b497d,57fbd8cf00cf79492f8b497d.jpg,http://cdn.flmnh.ufl.edu/Herbarium/jpg/172/172039s1.jpg,http://sernecportal.org/portal/collections/individual/index.php?occid=7349909,"Bidens alba","United States",Florida,Alachua,FLAS,,172039,53,"Fall Flowers of Alachua County, Florida"
57fbd8cf00cf79492f8b497f,57fbd8cf00cf79492f8b497f.jpg,http://cdn.flmnh.ufl.edu/Herbarium/jpg/175/175034s1.jpg,http://sernecportal.org/portal/collections/individual/index.php?occid=7349910,"Bidens alba","United States",Florida,Alachua,FLAS,,175034,53,"Fall Flowers of Alachua County, Florida"
57fbd8cf00cf79492f8b4989,57fbd8cf00cf79492f8b4989.jpg,http://cdn.flmnh.ufl.edu/Herbarium/jpg/164/164087s1.jpg,http://sernecportal.org/portal/collections/individual/index.php?occid=7350014,"Bidens bipinnata","United States",Florida,Alachua,FLAS,,164087,53,"Fall Flowers of Alachua County, Florida"
57fbd8cf00cf79492f8b499d,57fbd8cf00cf79492f8b499d.jpg,http://cdn.flmnh.ufl.edu/Herbarium/jpg/148/148757s1.jpg,http://sernecportal.org/portal/collections/individual/index.php?occid=7350068,"Bidens laevis","United States",Florida,Alachua,FLAS,,148757,53,"Fall Flowers of Alachua County, Florida"
57fbd8cf00cf79492f8b49a5,57fbd8cf00cf79492f8b49a5.jpg,http://cdn.flmnh.ufl.edu/Herbarium/jpg/095/95441s1.jpg,http://sernecportal.org/portal/collections/individual/index.php?occid=7350072,"Bidens laevis","United States",Florida,Alachua,FLAS,,95441,53,"Fall Flowers of Alachua County, Florida"
57fbd8cf00cf79492f8b49ad,57fbd8cf00cf79492f8b49ad.jpg,http://cdn.flmnh.ufl.edu/Herbarium/jpg/148/148419s1.jpg,http://sernecportal.org/portal/collections/individual/index.php?occid=7350076,"Bidens laevis","United States",Florida,Alachua,FLAS,,148419,53,"Fall Flowers of Alachua County, Florida"
57fbd8cf00cf79492f8b49b3,57fbd8cf00cf79492f8b49b3.jpg,http://cdn.flmnh.ufl.edu/Herbarium/jpg/148/148758s1.jpg,http://sernecportal.org/portal/collections/individual/index.php?occid=7350108,"Bidens mitis","United States",Florida,Alachua,FLAS,,148758,53,"Fall Flowers of Alachua County, Florida"
57fbd8cf00cf79492f8b49b5,57fbd8cf00cf79492f8b49b5.jpg,http://cdn.flmnh.ufl.edu/Herbarium/jpg/148/148759s1.jpg,http://sernecportal.org/portal/collections/individual/index.php?occid=7350109,"Bidens mitis","United States",Florida,Alachua,FLAS,,148759,53,"Fall Flowers of Alachua County, Florida"
57fbd8cf00cf79492f8b49bd,57fbd8cf00cf79492f8b49bd.jpg,http://cdn.flmnh.ufl.edu/Herbarium/jpg/175/175027s1.jpg,http://sernecportal.org/portal/collections/individual/index.php?occid=7350113,"Bidens mitis","United States",Florida,Alachua,FLAS,,175027,53,"Fall Flowers of Alachua County, Florida"
57fbd8cf00cf79492f8b49bf,57fbd8cf00cf79492f8b49bf.jpg,http://cdn.flmnh.ufl.edu/Herbarium/jpg/175/175024s1.jpg,http://sernecportal.org/portal/collections/individual/index.php?occid=7350114,"Bidens mitis","United States",Florida,Alachua,FLAS,,175024,53,"Fall Flowers of Alachua County, Florida"
57fbd8cf00cf79492f8b49c3,57fbd8cf00cf79492f8b49c3.jpg,http://cdn.flmnh.ufl.edu/Herbarium/jpg/012/12928s1.jpg,http://sernecportal.org/portal/collections/individual/index.php?occid=7350116,"Bidens mitis","United States",Florida,Alachua,FLAS,,12928,53,"Fall Flowers of Alachua County, Florida"
57fbd8cf00cf79492f8b49cb,57fbd8cf00cf79492f8b49cb.jpg,http://cdn.flmnh.ufl.edu/Herbarium/jpg/245/245031s1.jpg,http://sernecportal.org/portal/collections/individual/index.php?occid=11240444,"Symphyotrichum carolinianum","United States",Florida,Alachua,FLAS,,245031,53,"Fall Flowers of Alachua County, Florida"
57fbd8cf00cf79492f8b49cd,57fbd8cf00cf79492f8b49cd.jpg,http://cdn.flmnh.ufl.edu/Herbarium/jpg/245/245032s1.jpg,http://sernecportal.org/portal/collections/individual/index.php?occid=11240445,"Symphyotrichum carolinianum","United States",Florida,Alachua,FLAS,,245032,53,"Fall Flowers of Alachua County, Florida"
57fbd8cf00cf79492f8b49cf,57fbd8cf00cf79492f8b49cf.jpg,http://cdn.flmnh.ufl.edu/Herbarium/jpg/245/245054s1.jpg,http://sernecportal.org/portal/collections/individual/index.php?occid=11240467,"Symphyotrichum elliottii","United States",Florida,Alachua,FLAS,,245054,53,"Fall Flowers of Alachua County, Florida"
57fbd8cf00cf79492f8b49d1,57fbd8cf00cf79492f8b49d1.jpg,http://cdn.flmnh.ufl.edu/Herbarium/jpg/245/245055s1.jpg,http://sernecportal.org/portal/collections/individual/index.php?occid=11240468,"Symphyotrichum elliottii","United States",Florida,Alachua,FLAS,,245055,53,"Fall Flowers of Alachua County, Florida"
57fbd8cf00cf79492f8b49d3,57fbd8cf00cf79492f8b49d3.jpg,http://cdn.flmnh.ufl.edu/Herbarium/jpg/245/245056s1.jpg,http://sernecportal.org/portal/collections/individual/index.php?occid=11240469,"Symphyotrichum elliottii","United States",Florida,Alachua,FLAS,,245056,53,"Fall Flowers of Alachua County, Florida"
57fbd8cf00cf79492f8b49d5,57fbd8cf00cf79492f8b49d5.jpg,http://cdn.flmnh.ufl.edu/Herbarium/jpg/245/245057s1.jpg,http://sernecportal.org/portal/collections/individual/index.php?occid=11240470,"Symphyotrichum elliottii","United States",Florida,Alachua,FLAS,,245057,53,"Fall Flowers of Alachua County, Florida"
57fbd8cf00cf79492f8b49d7,57fbd8cf00cf79492f8b49d7.jpg,http://cdn.flmnh.ufl.edu/Herbarium/jpg/245/245131s1.jpg,http://sernecportal.org/portal/collections/individual/index.php?occid=11240538,"Bidens bipinnata","United States",Florida,Alachua,FLAS,,245131,53,"Fall Flowers of Alachua County, Florida"
57fbd8cf00cf79492f8b49d9,57fbd8cf00cf79492f8b49d9.jpg,http://cdn.flmnh.ufl.edu/Herbarium/jpg/245/245138s1.jpg,http://sernecportal.org/portal/collections/individual/index.php?occid=11240545,"Bidens laevis","United States",Florida,Alachua,FLAS,,245138,53,"Fall Flowers of Alachua County, Florida"
57fbd8cf00cf79492f8b49db,57fbd8cf00cf79492f8b49db.jpg,http://cdn.flmnh.ufl.edu/Herbarium/jpg/245/245176s1.jpg,http://sernecportal.org/portal/collections/individual/index.php?occid=11240580,"Carphephorus corymbosus","United States",Florida,Alachua,FLAS,,245176,53,"Fall Flowers of Alachua County, Florida"
57fbd8cf00cf79492f8b49dd,57fbd8cf00cf79492f8b49dd.jpg,http://cdn.flmnh.ufl.edu/Herbarium/jpg/245/245268s1.jpg,http://sernecportal.org/portal/collections/individual/index.php?occid=11240668,"Coreopsis basalis","United States",Florida,Alachua,FLAS,,245268,53,"Fall Flowers of Alachua County, Florida"
57fbd8cf00cf79492f8b49df,57fbd8cf00cf79492f8b49df.jpg,http://cdn.flmnh.ufl.edu/Herbarium/jpg/245/245487s1.jpg,http://sernecportal.org/portal/collections/individual/index.php?occid=11240857,"Eclipta prostrata","United States",Florida,Alachua,FLAS,,245487,53,"Fall Flowers of Alachua County, Florida"
57fbd8cf00cf79492f8b49e1,57fbd8cf00cf79492f8b49e1.jpg,http://cdn.flmnh.ufl.edu/Herbarium/jpg/245/245493s1.jpg,http://sernecportal.org/portal/collections/individual/index.php?occid=11240863,"Elephantopus elatus","United States",Florida,Alachua,FLAS,,245493,53,"Fall Flowers of Alachua County, Florida"
57fbd8cf00cf79492f8b49e9,57fbd8cf00cf79492f8b49e9.jpg,http://cdn.flmnh.ufl.edu/Herbarium/jpg/245/245548s1.jpg,http://sernecportal.org/portal/collections/individual/index.php?occid=11240918,"Eupatorium capillifolium","United States",Florida,Alachua,FLAS,,245548,53,"Fall Flowers of Alachua County, Florida"
57fbd8cf00cf79492f8b49ed,57fbd8cf00cf79492f8b49ed.jpg,http://cdn.flmnh.ufl.edu/Herbarium/jpg/245/245781s1.jpg,http://sernecportal.org/portal/collections/individual/index.php?occid=11241150,"Helianthus strumosus","United States",Florida,Alachua,FLAS,,245781,53,"Fall Flowers of Alachua County, Florida"
57fbd8cf00cf79492f8b49ef,57fbd8cf00cf79492f8b49ef.jpg,http://cdn.flmnh.ufl.edu/Herbarium/jpg/245/245820s1.jpg,http://sernecportal.org/portal/collections/individual/index.php?occid=11241189,"Hieracium megacephalon","United States",Florida,Alachua,FLAS,,245820,53,"Fall Flowers of Alachua County, Florida"
57fbd8cf00cf79492f8b49f5,57fbd8cf00cf79492f8b49f5.jpg,http://cdn.flmnh.ufl.edu/Herbarium/jpg/245/245884s1.jpg,http://sernecportal.org/portal/collections/individual/index.php?occid=11241253,"Lactuca graminifolia","United States",Florida,Alachua,FLAS,,245884,53,"Fall Flowers of Alachua County, Florida"
57fbd8cf00cf79492f8b49f7,57fbd8cf00cf79492f8b49f7.jpg,http://cdn.flmnh.ufl.edu/Herbarium/jpg/245/245946s1.jpg,http://sernecportal.org/portal/collections/individual/index.php?occid=11241312,"Liatris tenuifolia","United States",Florida,Alachua,FLAS,,245946,53,"Fall Flowers of Alachua County, Florida"
57fbd8cf00cf79492f8b49fb,57fbd8cf00cf79492f8b49fb.jpg,http://cdn.flmnh.ufl.edu/Herbarium/jpg/246/246059s1.jpg,http://sernecportal.org/portal/collections/individual/index.php?occid=11287537,"Pluchea foetida","United States",Florida,Alachua,FLAS,,246059,53,"Fall Flowers of Alachua County, Florida"
57fbd8cf00cf79492f8b49ff,57fbd8cf00cf79492f8b49ff.jpg,http://cdn.flmnh.ufl.edu/Herbarium/jpg/246/246254s1.jpg,http://sernecportal.org/portal/collections/individual/index.php?occid=11287730,"Solidago fistulosa","United States",Florida,Alachua,FLAS,,246254,53,"Fall Flowers of Alachua County, Florida"
57fbd8cf00cf79492f8b4a01,57fbd8cf00cf79492f8b4a01.jpg,http://cdn.flmnh.ufl.edu/Herbarium/jpg/246/246258s1.jpg,http://sernecportal.org/portal/collections/individual/index.php?occid=11287734,"Solidago fistulosa","United States",Florida,Alachua,FLAS,,246258,53,"Fall Flowers of Alachua County, Florida"
57fbd8cf00cf79492f8b4a03,57fbd8cf00cf79492f8b4a03.jpg,http://cdn.flmnh.ufl.edu/Herbarium/jpg/246/246285s1.jpg,http://sernecportal.org/portal/collections/individual/index.php?occid=11287761,"Solidago odora var. chapmanii","United States",Florida,Alachua,FLAS,,246285,53,"Fall Flowers of Alachua County, Florida"
57fbd8cf00cf79492f8b4a05,57fbd8cf00cf79492f8b4a05.jpg,http://cdn.flmnh.ufl.edu/Herbarium/jpg/246/246324s1.jpg,http://sernecportal.org/portal/collections/individual/index.php?occid=11287800,"Solidago stricta","United States",Florida,Alachua,FLAS,,246324,53,"Fall Flowers of Alachua County, Florida"
57fbd8cf00cf79492f8b4a07,57fbd8cf00cf79492f8b4a07.jpg,http://cdn.flmnh.ufl.edu/Herbarium/jpg/246/246387s1.jpg,http://sernecportal.org/portal/collections/individual/index.php?occid=11287863,"Carphephorus odoratissimus","United States",Florida,Alachua,FLAS,,246387,53,"Fall Flowers of Alachua County, Florida"
57fbd8cf00cf79492f8b496f,57fbd8cf00cf79492f8b496f.jpg,http://cdn.flmnh.ufl.edu/Herbarium/jpg/098/98472s1.jpg,http://sernecportal.org/portal/collections/individual/index.php?occid=7349902,"Bidens alba","United States",Florida,Alachua,FLAS,,98472,53,"Fall Flowers of Alachua County, Florida"
57fbd8ce00cf79492f8b493f,57fbd8ce00cf79492f8b493f.jpg,http://cdn.flmnh.ufl.edu/Herbarium/jpg/109/109818s1.jpg,http://sernecportal.org/portal/collections/individual/index.php?occid=7349606,"Symphyotrichum dumosum","United States",Florida,Alachua,FLAS,,109818,53,"Fall Flowers of Alachua County, Florida"
57fbd8ce00cf79492f8b4909,57fbd8ce00cf79492f8b4909.jpg,http://cdn.flmnh.ufl.edu/Herbarium/jpg/151/151912s1.jpg,http://sernecportal.org/portal/collections/individual/index.php?occid=7349132,"Symphyotrichum simmondsii","United States",Florida,Alachua,FLAS,,151912,53,"Fall Flowers of Alachua County, Florida"
57fbd8ce00cf79492f8b48d5,57fbd8ce00cf79492f8b48d5.jpg,http://cdn.flmnh.ufl.edu/Herbarium/jpg/151/151901s1.jpg,http://sernecportal.org/portal/collections/individual/index.php?occid=7348604,"Symphyotrichum dumosum","United States",Florida,Alachua,FLAS,,151901,53,"Fall Flowers of Alachua County, Florida"
