coreid,identifier,catalogNumber,accessURI
01b26906-f34f-4454-bcf8-4d40c64ac13a,7c9a55a8-f9ba-47bc-aeaf-3965b43d460c,16295,http://herbarium.bio.fsu.edu/showimage.php?Image=images/herbarium/jpegs/000016295.jpg
e8aeafb2-755a-4965-bd09-6c609970bb83,422cfef4-0f51-4e22-a000-9f85e89c0b82,16296,http://herbarium.bio.fsu.edu/showimage.php?Image=images/herbarium/jpegs/000016296.jpg
54b2604a-7cb4-4e6c-a654-59d37fa2db87,4ff59dc4-3602-43e6-bad6-051663e35076,16297,http://herbarium.bio.fsu.edu/showimage.php?Image=images/herbarium/jpegs/000016297.jpg
216bb013-46bd-4c28-a57a-45c8a9e7ca25,25a1e2a3-e94f-4ecd-8f54-6f917c66169e,16298,http://herbarium.bio.fsu.edu/showimage.php?Image=images/herbarium/jpegs/000016298.jpg
368187f6-e625-4638-8cbd-3916346abcca,2e7ab9fa-2d0e-4b94-8b90-0cf4454f0a50,16299,http://herbarium.bio.fsu.edu/showimage.php?Image=images/herbarium/jpegs/000016299.jpg
a7bacbc0-c0b4-4724-b289-20e2b4e1fd5a,9acc6d54-5cfa-49c0-ba04-081d455d8cd1,16300,http://herbarium.bio.fsu.edu/showimage.php?Image=images/herbarium/jpegs/000016300.jpg
714be93f-e2fb-475a-a167-72e2134310b2,09dd21ed-dfd8-4224-90e8-1dc50b81ebc4,16301,http://herbarium.bio.fsu.edu/showimage.php?Image=images/herbarium/jpegs/000016301.jpg
2a2d8f85-9bf2-4188-aaa1-d65c9b8cd93d,4201a93a-ccd8-439a-b2a5-a0714b2c4f44,16302,http://herbarium.bio.fsu.edu/showimage.php?Image=images/herbarium/jpegs/000016302.jpg
c221f6cb-0a3c-41fd-bea3-696ac58dcbc5,da50e871-9582-4c7c-a330-85840f530286,16303,http://herbarium.bio.fsu.edu/showimage.php?Image=images/herbarium/jpegs/000016303.jpg
a694f70c-9aa5-49d7-8afa-ff88759f8e3c,ea0958ba-c275-4fcb-81a6-97de0b9aa2f4,16304,http://herbarium.bio.fsu.edu/showimage.php?Image=images/herbarium/jpegs/000016304.jpg
d921105a-03bf-499b-b8ab-6beb99620fa4,470c6c4a-0ff7-404f-8c6d-a07b1a84a459,16305,http://herbarium.bio.fsu.edu/showimage.php?Image=images/herbarium/jpegs/000016305.jpg
700d7115-2d98-42b9-983f-c69ccc8dedd3,244d594e-bfa6-4816-a1d5-1064eebde716,16306,http://herbarium.bio.fsu.edu/showimage.php?Image=images/herbarium/jpegs/000016306.jpg
870f93a8-ca7a-4499-bf94-3b657f23ff56,3fb61bb1-a85d-4b3c-8ade-b59d2288513b,16307,http://herbarium.bio.fsu.edu/showimage.php?Image=images/herbarium/jpegs/000016307.jpg
865f3016-0737-4631-ba07-d5bc4aa6426d,5c7e2a7b-93c3-4d04-b062-141074bf874d,16308,http://herbarium.bio.fsu.edu/showimage.php?Image=images/herbarium/jpegs/000016308.jpg
6eca3add-c87d-428b-acf1-ca6c5b5320ef,38e6b44d-6b32-4df5-a78a-1f7431a90bac,16309,http://herbarium.bio.fsu.edu/showimage.php?Image=images/herbarium/jpegs/000016309.jpg
7e2f613d-d14f-403b-9604-6b7a0463ca70,4e643507-612d-4dab-b2b0-91f2a33dec65,16310,http://herbarium.bio.fsu.edu/showimage.php?Image=images/herbarium/jpegs/000016310.jpg
7389b15d-82d6-4d02-ac8e-fdd2afc5f833,6bc591b6-b302-46aa-b84e-4af8a89b9404,16311,http://herbarium.bio.fsu.edu/showimage.php?Image=images/herbarium/jpegs/000016311.jpg
c44088cb-0505-4ab9-a1bd-28856a3e99c4,6babade4-73c6-4ac6-9030-2add43dce385,16312,http://herbarium.bio.fsu.edu/showimage.php?Image=images/herbarium/jpegs/000016312.jpg
51313386-79f2-4bbc-bda5-89f49f1771b2,6b35ef6e-7c84-412c-b465-0f5a30033242,16313,http://herbarium.bio.fsu.edu/showimage.php?Image=images/herbarium/jpegs/000016313.jpg
acb1c620-9bb6-4e9a-9aa4-adf1e18806f0,4d401273-43a8-4e1d-b863-7bda429c56f4,55499,http://herbarium.bio.fsu.edu/showimage.php?Image=images/herbarium/jpegs/000055499.jpg
5aa1f7ea-f3fb-4c8e-992a-f65aa4742ffa,0f43d237-02a2-4084-83e2-d061af3708b9,55506,http://herbarium.bio.fsu.edu/showimage.php?Image=images/herbarium/jpegs/000055506.jpg
940de35e-a3ea-4665-9018-3fffb1d7c199,785ae01c-a187-4c63-b4f7-6991346b5adc,55510,http://herbarium.bio.fsu.edu/showimage.php?Image=images/herbarium/jpegs/000055510.jpg
d38c145d-8821-4559-b8ab-69d7ca42131b,59fa1dd7-adc0-4660-8086-fbeb51dac251,55511,http://herbarium.bio.fsu.edu/showimage.php?Image=images/herbarium/jpegs/000055511.jpg
69b633cb-e56c-45d9-940b-e46ef775767b,8d723a3b-872f-49ec-ab0a-eac9f7c26d97,55512,http://herbarium.bio.fsu.edu/showimage.php?Image=images/herbarium/jpegs/000055512.jpg
216fe485-df66-4510-8a12-b5a0d81a1c8f,4ace12c9-3e16-4a2b-9d2f-587c54b29c39,55513,http://herbarium.bio.fsu.edu/showimage.php?Image=images/herbarium/jpegs/000055513.jpg
7145f6a9-260e-45bc-9f3d-892044b78ab5,a45684a7-fd28-4b9c-bccf-19eb13e28784,55514,http://herbarium.bio.fsu.edu/showimage.php?Image=images/herbarium/jpegs/000055514.jpg
b5e88550-fbf6-4b7b-8c6e-f263d4f9c30d,ff2fe49e-dec8-4fdb-b9c8-58e13b39c34e,55515,http://herbarium.bio.fsu.edu/showimage.php?Image=images/herbarium/jpegs/000055515.jpg
a1b5753e-14c5-4c57-8ea8-3bc243c9640c,c89db616-f030-4d42-a06d-0388296f66e1,55516,http://herbarium.bio.fsu.edu/showimage.php?Image=images/herbarium/jpegs/000055516.jpg
3a213939-d049-47dd-a9c7-4dadc8b00618,58435ad6-70c6-40ce-88c2-c6cc0ac59ebe,55517,http://herbarium.bio.fsu.edu/showimage.php?Image=images/herbarium/jpegs/000055517.jpg
e28a6eb0-4af2-4366-9e38-fa61ae866abc,8aea6431-c5c0-4fd5-9605-02d65609a67a,55518,http://herbarium.bio.fsu.edu/showimage.php?Image=images/herbarium/jpegs/000055518.jpg
2d732816-7da5-47d1-aa28-c8387029f7d9,8fe92121-0a7a-43bc-8085-05b340e41550,55519,http://herbarium.bio.fsu.edu/showimage.php?Image=images/herbarium/jpegs/000055519.jpg
92b7b837-ada6-4c2a-ba59-e3fa998ee19b,63dca94b-7ffe-4586-886e-b0b039ef5d42,55520,http://herbarium.bio.fsu.edu/showimage.php?Image=images/herbarium/jpegs/000055520.jpg
a7aa418c-8173-4324-8d5b-3d493789d0c3,035ff593-a06f-4734-bb75-0baa647460b6,55521,http://herbarium.bio.fsu.edu/showimage.php?Image=images/herbarium/jpegs/000055521.jpg
fb1a6d12-13d2-48e2-bc6a-fa2ba4b776d5,f7ffd7f9-6aef-4b0b-9b93-ce14a40dd186,55522,http://herbarium.bio.fsu.edu/showimage.php?Image=images/herbarium/jpegs/000055522.jpg
604297fa-10ec-4330-bd6f-a9fe1cd93b44,cc594058-a419-4dcc-8367-f99c425b5901,55523,http://herbarium.bio.fsu.edu/showimage.php?Image=images/herbarium/jpegs/000055523.jpg
86f0b78a-51de-4be8-8f51-0c277e96dac3,654627ac-3296-4d7b-8dbf-35a6373c92c4,55524,http://herbarium.bio.fsu.edu/showimage.php?Image=images/herbarium/jpegs/000055524.jpg
137427be-2776-4969-9db6-652ac71376d8,549c250d-a3ad-4fa8-ad5c-8c545fc9fc71,55525,http://herbarium.bio.fsu.edu/showimage.php?Image=images/herbarium/jpegs/000055525.jpg
758f0019-0d54-448a-b13b-4baffc847519,8a5398c7-7090-4616-b2da-bef1c8b4079f,55526,http://herbarium.bio.fsu.edu/showimage.php?Image=images/herbarium/jpegs/000055526.jpg
82457568-78ba-41a9-8119-8c7156979417,32a46fed-de9c-4fad-87c0-ea630d42efa8,55527,http://herbarium.bio.fsu.edu/showimage.php?Image=images/herbarium/jpegs/000055527.jpg
45c2edc4-1e35-44e9-a08c-ac28495b1b56,a5db30f0-4f3f-4f1f-b270-dd9d19907764,55531,http://herbarium.bio.fsu.edu/showimage.php?Image=images/herbarium/jpegs/000055531.jpg
16689284-6988-4191-bb34-8785d2d7e553,ea857ce7-9fd1-4023-9b1d-548b677a93e8,55532,http://herbarium.bio.fsu.edu/showimage.php?Image=images/herbarium/jpegs/000055532.jpg
215f989e-4056-46cc-88f3-53ed29ef521f,07f21432-593f-45bd-9be4-fd84b989fec0,55533,http://herbarium.bio.fsu.edu/showimage.php?Image=images/herbarium/jpegs/000055533.jpg
428feb78-6a80-483d-a768-f3b349f4e3ad,31fbb959-4429-4fd6-95df-c3d105a12572,55534,http://herbarium.bio.fsu.edu/showimage.php?Image=images/herbarium/jpegs/000055534.jpg
8fb61ee8-4e80-45dd-8ca2-9d32a5a019cd,8bd36c9e-7ec7-4f06-bda1-32f1e93db426,55535,http://herbarium.bio.fsu.edu/showimage.php?Image=images/herbarium/jpegs/000055535.jpg
51803fbe-55af-4409-88b1-e1c353a99933,8c625fb1-32db-4620-abc9-51218165dd9d,55536,http://herbarium.bio.fsu.edu/showimage.php?Image=images/herbarium/jpegs/000055536.jpg
841f7089-3025-42a5-b2fc-68f57ba369f7,17b16d38-bf12-488f-9149-a184f1dc5457,55537,http://herbarium.bio.fsu.edu/showimage.php?Image=images/herbarium/jpegs/000055537.jpg
1da38927-21c2-4ed0-9de7-a2b574c4aafd,ed821511-0357-4cb8-ab40-03fe927d8aaf,55538,http://herbarium.bio.fsu.edu/showimage.php?Image=images/herbarium/jpegs/000055538.jpg
05e5a147-cb3e-46c5-95cd-97e5e49c58ad,9f2cdaed-bead-436c-8333-4f28318f1d2c,55539,http://herbarium.bio.fsu.edu/showimage.php?Image=images/herbarium/jpegs/000055539.jpg
b8d22aac-c88d-4357-b019-18107c83f1d8,a8b6b1d4-7149-48d0-8e31-8c310a4e2ceb,55540,http://herbarium.bio.fsu.edu/showimage.php?Image=images/herbarium/jpegs/000055540.jpg
7d02d804-b827-43ee-b666-6cb272df982b,6a71df7d-95e9-4174-8652-ad7030bda360,55541,http://herbarium.bio.fsu.edu/showimage.php?Image=images/herbarium/jpegs/000055541.jpg
0027e574-976d-4308-a22f-bab3df8c2094,e85a0536-0d46-4331-ae90-cd32a0709fdb,55542,http://herbarium.bio.fsu.edu/showimage.php?Image=images/herbarium/jpegs/000055542.jpg
ba4ede9e-83b6-47b5-8fa7-ebaabc5451b6,0681586a-09b9-459f-b7a1-46a6e80e90f1,55543,http://herbarium.bio.fsu.edu/showimage.php?Image=images/herbarium/jpegs/000055543.jpg
cde7fddf-bbf1-428f-8ccd-3fbee253ad5f,cd8bb0af-6278-4cc4-b36b-a4749f9e5449,55544,http://herbarium.bio.fsu.edu/showimage.php?Image=images/herbarium/jpegs/000055544.jpg
74c570df-cdfc-4dd7-b5fc-babdf3cbd5cd,4e428b7c-e0ec-49bd-8c35-c9bab1947ddf,55545,http://herbarium.bio.fsu.edu/showimage.php?Image=images/herbarium/jpegs/000055545.jpg
55d347df-16d7-49e1-86ce-28fed7476574,4bdb6474-146f-4195-916f-b25f5ce59deb,55548,http://herbarium.bio.fsu.edu/showimage.php?Image=images/herbarium/jpegs/000055548.jpg
349af561-f78e-40b6-b331-500c4d361d27,7b6e1509-c0b2-483f-8e20-af6a386744c6,55549,http://herbarium.bio.fsu.edu/showimage.php?Image=images/herbarium/jpegs/000055549.jpg
58838293-deca-4906-addb-6b5c7accaa62,4b091a25-1514-450e-979f-93ebb6a5fcee,55550,http://herbarium.bio.fsu.edu/showimage.php?Image=images/herbarium/jpegs/000055550.jpg
c77129df-7e1d-4924-b9cd-56e5011b3e49,daca1b7a-b49a-4224-9221-8f42a78af9e2,55551,http://herbarium.bio.fsu.edu/showimage.php?Image=images/herbarium/jpegs/000055551.jpg
a2b0e7e6-6e05-40a1-885a-922518d25397,7429472c-dfe1-4fb6-bfa0-9bf6fd0d03be,55552,http://herbarium.bio.fsu.edu/showimage.php?Image=images/herbarium/jpegs/000055552.jpg
d489d367-afcc-42bc-ac8c-995b89aafb4c,f4f48beb-de34-4c67-9fdb-ac2791565604,55553,http://herbarium.bio.fsu.edu/showimage.php?Image=images/herbarium/jpegs/000055553.jpg
2fe35e3b-0d29-4f9a-8e8a-1ede0e8a1478,af452789-33be-4775-a9fd-1028fb27745e,55554,http://herbarium.bio.fsu.edu/showimage.php?Image=images/herbarium/jpegs/000055554.jpg
112c5043-4dd8-4b94-9d32-b37144a6825a,a69c6a1e-f5a5-42c5-9fb3-b415aa14ba1e,55555,http://herbarium.bio.fsu.edu/showimage.php?Image=images/herbarium/jpegs/000055555.jpg
bf6db0fb-543c-4e75-bb09-024c573e435f,8ef174dd-ea64-40d6-a997-61d102f54110,55556,http://herbarium.bio.fsu.edu/showimage.php?Image=images/herbarium/jpegs/000055556.jpg
5eb0e866-6572-4221-8480-2a22b7d4af5a,460abe7a-f6c2-4281-9d9f-e5ee5d91e2ad,55557,http://herbarium.bio.fsu.edu/showimage.php?Image=images/herbarium/jpegs/000055557.jpg
f7693a10-04eb-4b63-86f3-549f3e14a918,a6f8cb6a-a246-441a-9752-dba21e10b612,55558,http://herbarium.bio.fsu.edu/showimage.php?Image=images/herbarium/jpegs/000055558.jpg
4f8b64db-3982-4fbb-b92f-121b2d42ffea,05482680-d218-4a78-831d-fee2b498700a,55560,http://herbarium.bio.fsu.edu/showimage.php?Image=images/herbarium/jpegs/000055560.jpg
78689f1f-31df-421f-9db0-06f3c44413ef,1d883966-9884-45e2-978e-9c9173391a21,55561,http://herbarium.bio.fsu.edu/showimage.php?Image=images/herbarium/jpegs/000055561.jpg
15f3f4c1-f1be-488e-a8f1-7f25195f9a76,62526b38-0c30-4eef-94ce-2bbd28dd7ef3,55562,http://herbarium.bio.fsu.edu/showimage.php?Image=images/herbarium/jpegs/000055562.jpg
3c43c68d-d284-41b4-935b-8b3e5cfb6975,0f30b778-cbe2-4e86-846b-5d8e850c5590,55563,http://herbarium.bio.fsu.edu/showimage.php?Image=images/herbarium/jpegs/000055563.jpg
ed7438e6-feb9-4997-90ee-fd3bf7a8c1a3,434d3096-9efa-4821-81d7-0c9a75bcd4ff,55564,http://herbarium.bio.fsu.edu/showimage.php?Image=images/herbarium/jpegs/000055564.jpg
d4394c8e-0ac3-42d0-bf9e-f8bc02f9838f,3623a7b5-89e9-4c6f-9225-442e190d67bd,55565,http://herbarium.bio.fsu.edu/showimage.php?Image=images/herbarium/jpegs/000055565.jpg
5389bc03-a61b-4c28-9809-3d8a1ab69ba6,e8e371ae-62dc-4d7f-ae77-c8b4bb7ef317,55566,http://herbarium.bio.fsu.edu/showimage.php?Image=images/herbarium/jpegs/000055566.jpg
9329b3b5-8299-413e-aab0-b834ac7c0bf4,e8936d58-59f3-4181-972f-702c8cced26c,55567,http://herbarium.bio.fsu.edu/showimage.php?Image=images/herbarium/jpegs/000055567.jpg
37c0db1f-97c2-47ab-8d12-aecc123783ee,1486076e-1092-4c54-85bf-1c1d2a7d48af,55568,http://herbarium.bio.fsu.edu/showimage.php?Image=images/herbarium/jpegs/000055568.jpg
f3c1a654-8317-48a8-8a58-ec77602f1fb5,00278db2-2f3d-4587-a78a-22b17f362be4,55569,http://herbarium.bio.fsu.edu/showimage.php?Image=images/herbarium/jpegs/000055569.jpg
5a0cfa79-f7bf-4f85-8b7b-7b582df6b215,3a437f51-6f64-48bf-957b-50e5f7d97989,55571,http://herbarium.bio.fsu.edu/showimage.php?Image=images/herbarium/jpegs/000055571.jpg
29514b0d-8285-4f8a-9a55-6e9260350cd9,b16b7af5-c7a8-4a29-b66f-0ad9bc2e5326,55572,http://herbarium.bio.fsu.edu/showimage.php?Image=images/herbarium/jpegs/000055572.jpg
89eebe31-cac7-4f32-827e-ec4b5f1fee96,f7f64421-2e2d-4668-a3d8-703f45ad4da3,55573,http://herbarium.bio.fsu.edu/showimage.php?Image=images/herbarium/jpegs/000055573.jpg
1d029b30-c41a-4934-af0e-e1fdd2e154cb,d0e620d2-fd8f-4edf-9d13-cbe727f7c62c,55574,http://herbarium.bio.fsu.edu/showimage.php?Image=images/herbarium/jpegs/000055574.jpg
2233f372-45f4-4111-8106-5525ac42e666,fa5f3cbb-57f6-4001-8a31-42ea2d52bbd9,55575,http://herbarium.bio.fsu.edu/showimage.php?Image=images/herbarium/jpegs/000055575.jpg
e6216c78-38d8-468f-8181-fbdef8e5021a,a52e72f4-1217-427e-b05e-11a46b1e05cb,55576,http://herbarium.bio.fsu.edu/showimage.php?Image=images/herbarium/jpegs/000055576.jpg
6cb51b50-ebb1-4218-83dd-a341f728c684,97a29237-5288-4aa9-830e-38a1ad51d13a,55577,http://herbarium.bio.fsu.edu/showimage.php?Image=images/herbarium/jpegs/000055577.jpg
46e8add5-49ac-4794-a5ae-f9719665c3b1,e98ee047-25b5-4696-8efb-769b62f6553c,55578,http://herbarium.bio.fsu.edu/showimage.php?Image=images/herbarium/jpegs/000055578.jpg
02aa27aa-8b7a-4ce8-bb41-275be4750493,71cb5ba2-6638-446b-9df0-1d22d0065e13,55579,http://herbarium.bio.fsu.edu/showimage.php?Image=images/herbarium/jpegs/000055579.jpg
64b74a24-331d-4d36-a571-af24774bcc88,01d30a33-caa1-478b-ac51-7c4530685aa6,55580,http://herbarium.bio.fsu.edu/showimage.php?Image=images/herbarium/jpegs/000055580.jpg
f0a93c5f-4370-42e5-b54c-d6d94f56c20c,bee91b9f-e88d-4706-9a1d-ebbaa898dd64,55581,http://herbarium.bio.fsu.edu/showimage.php?Image=images/herbarium/jpegs/000055581.jpg
aadc4964-3ddb-4aaa-a46b-d05146e424f5,f0829bad-cc57-4a97-a31c-5097ed4c00f5,55584,http://herbarium.bio.fsu.edu/showimage.php?Image=images/herbarium/jpegs/000055584.jpg
25c312ce-9346-47c8-9500-ecd38b98f87a,47d2370e-cce0-4b90-928d-eae23ba545d9,55585,http://herbarium.bio.fsu.edu/showimage.php?Image=images/herbarium/jpegs/000055585.jpg
e96831cd-34b4-4d73-bb65-46afb1f051f7,3cc1fdfb-9136-4dfd-86c7-bcdcfbedaa1d,55586,http://herbarium.bio.fsu.edu/showimage.php?Image=images/herbarium/jpegs/000055586.jpg
9819415e-d00b-4ef6-8bef-11cb0c4a047a,aec5b7ab-fa3b-492f-b7b3-ff9960c1e18d,55587,http://herbarium.bio.fsu.edu/showimage.php?Image=images/herbarium/jpegs/000055587.jpg
7b6e1de3-6272-4a02-b818-0171313c43a3,fe6a5a80-22f6-40b6-b024-11bb0f5af9b1,55588,http://herbarium.bio.fsu.edu/showimage.php?Image=images/herbarium/jpegs/000055588.jpg
3fa3a429-bbfb-49fb-913c-2ef3aff31f51,46de09d0-0543-4640-826f-daa45b129bf0,55589,http://herbarium.bio.fsu.edu/showimage.php?Image=images/herbarium/jpegs/000055589.jpg
13777276-5d31-4725-887a-92648d7ed52a,7df09aad-5125-4873-b0e6-47cc099cc921,55590,http://herbarium.bio.fsu.edu/showimage.php?Image=images/herbarium/jpegs/000055590.jpg
00e43dab-7873-4d95-aab1-e60193396749,9afe2b14-a61b-4898-8739-3efaa2eebbda,55591,http://herbarium.bio.fsu.edu/showimage.php?Image=images/herbarium/jpegs/000055591.jpg
b143ba6f-9554-455a-b6c4-4ac19dcf04b8,e4a77a25-6733-41fc-a9b1-7c429afbc2c4,55592,http://herbarium.bio.fsu.edu/showimage.php?Image=images/herbarium/jpegs/000055592.jpg
b362524c-44d2-4c9a-9bc2-2edd720ed4de,6b1ca587-d353-4a3b-883a-bd2d7334827a,55593,http://herbarium.bio.fsu.edu/showimage.php?Image=images/herbarium/jpegs/000055593.jpg
13bb11ec-f572-4c8e-b6a4-fc0197805a25,d7435d4c-5c32-4221-b26a-555d994afe07,55594,http://herbarium.bio.fsu.edu/showimage.php?Image=images/herbarium/jpegs/000055594.jpg
d4c9c68b-edce-4f97-8bc7-25a073b153b5,f21826e7-4f94-45f0-90c9-3c502ad75edd,55595,http://herbarium.bio.fsu.edu/showimage.php?Image=images/herbarium/jpegs/000055595.jpg
232da12d-3706-4c58-97bc-4be55ae5a377,df7963d4-5f5d-48dd-b2f3-39cee042d995,55596,http://herbarium.bio.fsu.edu/showimage.php?Image=images/herbarium/jpegs/000055596.jpg
5330d2c2-0d19-4bc8-90bb-96b2dce682ca,86960eaf-d40a-4cea-b369-382548bb1d2e,55597,http://herbarium.bio.fsu.edu/showimage.php?Image=images/herbarium/jpegs/000055597.jpg
01745cb6-ed97-4d27-92fe-a3c0bd9897a7,fb54c6ff-da13-4ffc-92b2-b63a24484920,55598,http://herbarium.bio.fsu.edu/showimage.php?Image=images/herbarium/jpegs/000055598.jpg
ae074b98-3abc-477d-ae27-a803f2f54727,cdca31b4-a992-47c8-9878-c91ecd65dede,55599,http://herbarium.bio.fsu.edu/showimage.php?Image=images/herbarium/jpegs/000055599.jpg
6cfff142-ef5b-45af-924b-ebe0a1697c1f,af31dd91-72a7-4eed-9480-3fa481080e14,55600,http://herbarium.bio.fsu.edu/showimage.php?Image=images/herbarium/jpegs/000055600.jpg
7239d7c2-3248-4cea-ac36-d038dce7143a,60efb06b-6fc6-46fc-a814-cae232b916e9,55601,http://herbarium.bio.fsu.edu/showimage.php?Image=images/herbarium/jpegs/000055601.jpg
31cb21f1-cd99-478a-bfaf-0c6683e8c469,d67def25-d7bb-440a-a6a7-4514eaf54890,55602,http://herbarium.bio.fsu.edu/showimage.php?Image=images/herbarium/jpegs/000055602.jpg
98156834-de27-457c-9530-cd4fa7e76989,d9651cac-02a3-4127-8176-0c29b99ed0b4,55603,http://herbarium.bio.fsu.edu/showimage.php?Image=images/herbarium/jpegs/000055603.jpg
d0b170b9-8603-4e02-8ce1-24eb6fda2fc9,d4b358e0-4ff9-4f3f-864a-b81cbec75208,55604,http://herbarium.bio.fsu.edu/showimage.php?Image=images/herbarium/jpegs/000055604.jpg
b37a1733-a6af-4eb8-884e-ec77a28d14ee,95007aa1-d93f-4fb9-ad45-55ff44319e1e,55605,http://herbarium.bio.fsu.edu/showimage.php?Image=images/herbarium/jpegs/000055605.jpg
287804ea-1efb-48f6-886a-4f5a77cc2a67,431b3a26-7813-450f-8d74-b6d9e69453f2,55606,http://herbarium.bio.fsu.edu/showimage.php?Image=images/herbarium/jpegs/000055606.jpg
d9b898f9-6c11-4a55-8a09-95c0e3ff063e,789c6d18-a874-4d30-b70d-e1aa6e8ef3f7,59411,http://herbarium.bio.fsu.edu/showimage.php?Image=images/herbarium/jpegs/000059411.jpg
28299d5e-fc75-418f-a9a6-ad6c6b678e58,d7cb6cc6-d20c-4fa5-8b37-3ff5843d7790,71322,http://herbarium.bio.fsu.edu/showimage.php?Image=images/herbarium/jpegs/000071322.jpg
37085bed-9ac5-4f51-b2be-cbf582c2ffa7,4edca134-af97-4c1b-8a0d-98d5cb5f1be5,71340,http://herbarium.bio.fsu.edu/showimage.php?Image=images/herbarium/jpegs/000071340.jpg
20c12ab9-ffdc-4a37-ac5a-5f989bd94cfb,693135e4-3ffc-4701-aa74-c074b36fdb76,71345,http://herbarium.bio.fsu.edu/showimage.php?Image=images/herbarium/jpegs/000071345.jpg
62414ec0-fa9f-4af4-bf6e-1744a440efbd,6ce7bacd-e2e5-4a12-932b-a850b9a747a2,71354,http://herbarium.bio.fsu.edu/showimage.php?Image=images/herbarium/jpegs/000071354.jpg
8b392d98-a9f0-4813-bb04-9be5692a2267,5e9d4b58-f4fc-43fd-af39-a412788ad93b,71358,http://herbarium.bio.fsu.edu/showimage.php?Image=images/herbarium/jpegs/000071358.jpg
69710f84-09fc-4548-97df-dcfbe64d23db,6e9fc03e-29b3-4aef-99f9-80d8e3870188,71410,http://herbarium.bio.fsu.edu/showimage.php?Image=images/herbarium/jpegs/000071410.jpg
a79d9b11-6c34-4a67-a3d7-cde8dbf028dc,0c03c3dd-cbac-4ed1-99c6-71014e6917b0,89246,http://herbarium.bio.fsu.edu/showimage.php?Image=images/herbarium/jpegs/000089246.jpg
2b304c41-6372-43a8-b347-35c9e20f9358,d16b4536-3b93-4578-8ebf-42ede540d5e5,89247,http://herbarium.bio.fsu.edu/showimage.php?Image=images/herbarium/jpegs/000089247.jpg
29ba14fe-7ff9-4136-b89d-92601db2e1cf,a8a768c9-6933-4285-b606-8c5cbad1dccb,89248,http://herbarium.bio.fsu.edu/showimage.php?Image=images/herbarium/jpegs/000089248.jpg
da2647a2-a519-4d4b-8d4f-db954443da70,ea172c97-1262-44f9-b134-8e68b1a3cb37,89249,http://herbarium.bio.fsu.edu/showimage.php?Image=images/herbarium/jpegs/000089249.jpg
f8709c04-79d5-4290-aba0-21803343532d,abd81cd3-9ab7-42e3-997a-7557181769ed,89250,http://herbarium.bio.fsu.edu/showimage.php?Image=images/herbarium/jpegs/000089250.jpg
1fe2c854-fce2-407e-bbcf-349b87b7fe79,a762f688-fde8-4f9f-bb38-32b53855950a,89251,http://herbarium.bio.fsu.edu/showimage.php?Image=images/herbarium/jpegs/000089251.jpg
36d22da9-dca9-4024-97b4-ff185e558720,b4b1433e-6db1-43aa-b2f2-e3b27b65f65b,89252,http://herbarium.bio.fsu.edu/showimage.php?Image=images/herbarium/jpegs/000089252.jpg
aecfe521-85fb-42e9-819e-456085d6b27a,1ee05a36-ae7e-4d1d-af39-1e02ab8b1e07,89253,http://herbarium.bio.fsu.edu/showimage.php?Image=images/herbarium/jpegs/000089253.jpg
3cd9110e-c559-41e5-857e-da2b1f9b7ffa,9d446f62-4a01-44a4-92b5-beb967061942,89254,http://herbarium.bio.fsu.edu/showimage.php?Image=images/herbarium/jpegs/000089254.jpg
48d836d0-3793-4b07-ad31-45acf71965c1,0ce6f37f-242c-4c4f-b1c4-94ba92831f0b,89255,http://herbarium.bio.fsu.edu/showimage.php?Image=images/herbarium/jpegs/000089255.jpg
8d3a071b-fa90-4d43-82f5-89c0adc8c5c8,73080e53-ba3b-4515-a440-f791b2a84d81,89256,http://herbarium.bio.fsu.edu/showimage.php?Image=images/herbarium/jpegs/000089256.jpg
600d712a-0593-49f8-9675-9c57d8d536d1,3b6871f7-7de1-4140-b4bf-88bad07e8e49,89257,http://herbarium.bio.fsu.edu/showimage.php?Image=images/herbarium/jpegs/000089257.jpg
a965f230-9ceb-4782-bd14-e04eb89ed501,cf1a3b65-6fe5-4c6c-9d36-b5510094f6e7,89258,http://herbarium.bio.fsu.edu/showimage.php?Image=images/herbarium/jpegs/000089258.jpg
7faa986f-c913-4684-83fc-1d352ef6b50a,d7946e89-9e45-4e2c-81da-1b5da82e079b,89259,http://herbarium.bio.fsu.edu/showimage.php?Image=images/herbarium/jpegs/000089259.jpg
b4a73b5e-037f-451c-a196-b9e9305f05c9,823535a8-c450-475b-86f1-44863983ae80,89260,http://herbarium.bio.fsu.edu/showimage.php?Image=images/herbarium/jpegs/000089260.jpg
91ed296e-fb34-44a2-9f9c-af52145fd6e4,4a188e8d-e73a-4de8-8387-be4288901d2c,89261,http://herbarium.bio.fsu.edu/showimage.php?Image=images/herbarium/jpegs/000089261.jpg
3e3371e0-cd81-4304-9662-b7d3ccf90230,b977f589-bd07-4ac3-ad4e-b548313a952d,89262,http://herbarium.bio.fsu.edu/showimage.php?Image=images/herbarium/jpegs/000089262.jpg
d62bd195-399b-4914-bcf3-fa7c571582b3,ba0f8b00-1df3-41c8-91c1-d2b8bbbb29ef,89263,http://herbarium.bio.fsu.edu/showimage.php?Image=images/herbarium/jpegs/000089263.jpg
9deaff17-01ce-4197-9c2d-63f04b59cee6,006c8df8-1e8a-40bc-8230-cd0106a8041e,89264,http://herbarium.bio.fsu.edu/showimage.php?Image=images/herbarium/jpegs/000089264.jpg
2b296f07-9527-4f75-b851-6ee15bca59fc,7282f3aa-ca1e-4963-ac03-348283c6f361,89265,http://herbarium.bio.fsu.edu/showimage.php?Image=images/herbarium/jpegs/000089265.jpg
c42004ce-6475-402c-b81f-9c71e7ebc31d,717cee1b-83b7-47da-b730-e6b9c1fd8142,89266,http://herbarium.bio.fsu.edu/showimage.php?Image=images/herbarium/jpegs/000089266.jpg
736978ad-1adc-49e1-8484-02864addbdf9,468fcece-8045-438a-a0ea-d54d6e6593d8,89267,http://herbarium.bio.fsu.edu/showimage.php?Image=images/herbarium/jpegs/000089267.jpg
348bee52-08a5-4aa8-9636-d85c4515f136,049c90ae-7d1e-41d9-ab78-37847c320931,89268,http://herbarium.bio.fsu.edu/showimage.php?Image=images/herbarium/jpegs/000089268.jpg
e62584c9-da90-49d1-9949-e42264aa7138,9292af9e-d26c-476e-8d60-23caabb472e4,89269,http://herbarium.bio.fsu.edu/showimage.php?Image=images/herbarium/jpegs/000089269.jpg
f6c82907-afda-493f-91f5-48f85a0ff067,dad13908-3081-48f9-89d1-6753c96bbde9,89270,http://herbarium.bio.fsu.edu/showimage.php?Image=images/herbarium/jpegs/000089270.jpg
2767f875-1f64-43a2-bad0-1c3624944e0c,aea266b4-1804-4c97-848c-81cac119fcb9,89271,http://herbarium.bio.fsu.edu/showimage.php?Image=images/herbarium/jpegs/000089271.jpg
90e11cab-3614-4894-bb6f-5d4c0dc5be0e,d0582086-516e-4ec0-977c-87fe07fa98c5,89272,http://herbarium.bio.fsu.edu/showimage.php?Image=images/herbarium/jpegs/000089272.jpg
aa62fba6-f980-4a98-9b20-a7c25dc7b914,9a587a4e-12de-40ce-8dcf-0233787160ff,89273,http://herbarium.bio.fsu.edu/showimage.php?Image=images/herbarium/jpegs/000089273.jpg
24f1994b-e4c0-4534-a7ca-a0957e34d7e2,94c7bb51-236b-436e-be95-89ee49e56938,89274,http://herbarium.bio.fsu.edu/showimage.php?Image=images/herbarium/jpegs/000089274.jpg
bb968cd7-d29b-4179-87d0-532826242916,082459c6-e38e-4d88-a799-647fa2bab7a0,89275,http://herbarium.bio.fsu.edu/showimage.php?Image=images/herbarium/jpegs/000089275.jpg
4e2d141c-3cae-4913-bf4b-0d9b3164d60c,41e52217-71b1-42cc-9c6e-84f6fd13197d,89276,http://herbarium.bio.fsu.edu/showimage.php?Image=images/herbarium/jpegs/000089276.jpg
e1e9db02-e45a-4ad1-8087-559de5b85e23,0bf89bee-1287-4317-9147-bd3b58e0fea1,89277,http://herbarium.bio.fsu.edu/showimage.php?Image=images/herbarium/jpegs/000089277.jpg
acfe0fda-bb06-4609-9df5-526a9faf19ef,fed37cb9-9106-4c25-9187-4fd7a872c699,89278,http://herbarium.bio.fsu.edu/showimage.php?Image=images/herbarium/jpegs/000089278.jpg
6f4c0c36-39e2-4b7c-b4a9-0f243aaef4be,04353bf1-713c-44cb-9806-e292e1a74266,89279,http://herbarium.bio.fsu.edu/showimage.php?Image=images/herbarium/jpegs/000089279.jpg
7c7b5286-0639-459d-83a3-fbbd777be86c,f4fe4cd0-c09a-480d-ab65-c12d22c4dba0,89280,http://herbarium.bio.fsu.edu/showimage.php?Image=images/herbarium/jpegs/000089280.jpg
7a4a6eb1-1ba7-42ad-8b48-e566bfdd79f8,9475efb2-42b0-4674-bec8-d6a5ecae64d4,89281,http://herbarium.bio.fsu.edu/showimage.php?Image=images/herbarium/jpegs/000089281.jpg
384568c3-4e73-46f7-baa7-8d44142add5a,af6fea8a-3098-4a35-90b7-fef51a7ff21f,89282,http://herbarium.bio.fsu.edu/showimage.php?Image=images/herbarium/jpegs/000089282.jpg
b0c2d4eb-e9bc-4c4d-8a78-ecb572289ab5,ba96bac7-bed8-4688-bda4-c6d71bd7d41d,89283,http://herbarium.bio.fsu.edu/showimage.php?Image=images/herbarium/jpegs/000089283.jpg
44aa701e-50a3-4906-9508-c60042897efe,f63c63c5-a5f4-44d8-a8db-1273a10bb24b,89284,http://herbarium.bio.fsu.edu/showimage.php?Image=images/herbarium/jpegs/000089284.jpg
b8bc2e7a-9e0b-4a1e-b538-8405d2c23cc7,8aab2039-3987-4a8d-9da3-17d8694c8174,89285,http://herbarium.bio.fsu.edu/showimage.php?Image=images/herbarium/jpegs/000089285.jpg
dd0fdd00-f9cb-4b93-a9d4-eb91b7e7e6b8,64b76fdd-a039-454e-ab83-5f73e749694e,89286,http://herbarium.bio.fsu.edu/showimage.php?Image=images/herbarium/jpegs/000089286.jpg
2c2629b3-61ff-43ba-93d7-c3d587a054d9,c2512331-2b2b-42ca-ad6c-7b890e84ba47,89287,http://herbarium.bio.fsu.edu/showimage.php?Image=images/herbarium/jpegs/000089287.jpg
5f71e1f2-6fe6-430c-b384-1576954636a2,b7badd90-a372-42a4-aa0c-74d5dc8459f2,89288,http://herbarium.bio.fsu.edu/showimage.php?Image=images/herbarium/jpegs/000089288.jpg
7aeec2ea-a9ce-4011-abca-d062568d370d,4b0622a0-6bd9-4dac-b2d7-bc43953c452d,89289,http://herbarium.bio.fsu.edu/showimage.php?Image=images/herbarium/jpegs/000089289.jpg
4d7e72fc-1fd1-4731-b6b6-41e83807d222,2b3ce043-fe7e-48b0-86a4-99a2f24027f8,89290,http://herbarium.bio.fsu.edu/showimage.php?Image=images/herbarium/jpegs/000089290.jpg
a4003c50-2616-4425-b226-72a09cdf0eb4,4d78c6df-c512-4485-ac7c-0bd143c866e4,89291,http://herbarium.bio.fsu.edu/showimage.php?Image=images/herbarium/jpegs/000089291.jpg
cb5e0efa-78c3-49c6-9dc7-e2b54f31216c,aff1e749-1c4d-4c85-8d5b-882f2e960df4,89292,http://herbarium.bio.fsu.edu/showimage.php?Image=images/herbarium/jpegs/000089292.jpg
ff6c78ee-7a29-4346-8c5f-74a839bde56c,afa4635a-90be-4c13-8c23-35a8122861b2,89293,http://herbarium.bio.fsu.edu/showimage.php?Image=images/herbarium/jpegs/000089293.jpg
4a535328-2487-44e7-b7a5-6d58e4b142cf,1dcc456b-eeea-451e-95f9-33ba25821df9,89294,http://herbarium.bio.fsu.edu/showimage.php?Image=images/herbarium/jpegs/000089294.jpg
e623d497-20ac-4004-8dad-3e334f164851,51f6542f-9aff-4ecb-8d8f-2040bf42692b,89295,http://herbarium.bio.fsu.edu/showimage.php?Image=images/herbarium/jpegs/000089295.jpg
e6f96a9e-3be3-452d-80b0-6a0d5f82cad8,42446145-4a46-47db-bbff-be173cdd381f,89296,http://herbarium.bio.fsu.edu/showimage.php?Image=images/herbarium/jpegs/000089296.jpg
5832233c-ec16-4575-ab5c-a3b1e17cb835,592656b1-e94b-421e-a1ac-5fccc1d6b597,89297,http://herbarium.bio.fsu.edu/showimage.php?Image=images/herbarium/jpegs/000089297.jpg
4ee0c5a3-4e4a-4afa-8510-aa573e8b99d6,428929ef-029a-4dd4-9746-3f1e7af1667d,89298,http://herbarium.bio.fsu.edu/showimage.php?Image=images/herbarium/jpegs/000089298.jpg
210933fa-a975-4924-b66d-595a9a1e2e33,5ebca3cc-5db1-442f-aa81-a0e2c6223cc1,89299,http://herbarium.bio.fsu.edu/showimage.php?Image=images/herbarium/jpegs/000089299.jpg
48c51a2d-d92d-4dcd-bd0e-c5a030d70889,dfbcfbf8-6f63-4ab8-96f0-63f580d98ce8,89300,http://herbarium.bio.fsu.edu/showimage.php?Image=images/herbarium/jpegs/000089300.jpg
f9cbd944-6421-4a48-a10c-21beefe8c2b4,23878ae7-0c48-4c7c-a2de-6d09e0c4f878,89301,http://herbarium.bio.fsu.edu/showimage.php?Image=images/herbarium/jpegs/000089301.jpg
d08bdd34-d770-436d-97bf-0b45b905f1dc,1a94be59-38b9-46b2-89fb-4ecbc664ef62,89302,http://herbarium.bio.fsu.edu/showimage.php?Image=images/herbarium/jpegs/000089302.jpg
71bbe70c-0015-47c1-9e25-4645cf69b34d,d8fc6e40-c03d-4736-b1e3-418a0789ce63,89303,http://herbarium.bio.fsu.edu/showimage.php?Image=images/herbarium/jpegs/000089303.jpg
e1a93952-c6b5-48e5-aed6-36d38e333f09,21f2e968-0582-4145-b885-7de32119983a,89304,http://herbarium.bio.fsu.edu/showimage.php?Image=images/herbarium/jpegs/000089304.jpg
0b5bc57c-9d91-47cd-b243-c316117029a4,9d0d4562-83ae-4cef-a512-9263572bf48e,89305,http://herbarium.bio.fsu.edu/showimage.php?Image=images/herbarium/jpegs/000089305.jpg
28d7399a-04d2-4f44-8ff1-11bbae7b7e1b,5623b6ec-1a96-4ab2-b494-e0a7f354d966,89331,http://herbarium.bio.fsu.edu/showimage.php?Image=images/herbarium/jpegs/000089331.jpg
14039f1e-e9c4-4527-996d-d94661f34b13,5f7ef166-359e-4d81-918e-e9ffb85679d1,89332,http://herbarium.bio.fsu.edu/showimage.php?Image=images/herbarium/jpegs/000089332.jpg
abacd6a4-20f1-429e-8edf-08698f8394b0,ba17e768-8034-4587-a8e6-2b8193b0adf3,89333,http://herbarium.bio.fsu.edu/showimage.php?Image=images/herbarium/jpegs/000089333.jpg
e83c4f4b-953e-46e2-940b-86121fb77423,abcbc5e7-3e32-4192-ab14-67c3b15bd467,89334,http://herbarium.bio.fsu.edu/showimage.php?Image=images/herbarium/jpegs/000089334.jpg
b0004576-6c9e-45b0-ae30-b0d8a8a3e439,6418ecdd-b8d8-48d1-ae01-33a8c1613302,89335,http://herbarium.bio.fsu.edu/showimage.php?Image=images/herbarium/jpegs/000089335.jpg
e0445522-9a5e-4d63-a9d9-8fa3f5ee5230,f861fa3f-d73f-43b3-b5b1-b4c49276460e,89336,http://herbarium.bio.fsu.edu/showimage.php?Image=images/herbarium/jpegs/000089336.jpg
981d7b79-c08d-4a61-8cae-76ca8a4d6739,e8da3b70-4d60-4354-aaf1-48058c30cb45,89337,http://herbarium.bio.fsu.edu/showimage.php?Image=images/herbarium/jpegs/000089337.jpg
515d8a3b-a280-42a4-951d-efdda82b51f7,6332d1a2-8bdf-4841-8427-0345950a43cc,89338,http://herbarium.bio.fsu.edu/showimage.php?Image=images/herbarium/jpegs/000089338.jpg
306dcb2f-5a86-40dc-8c8a-2b8be2f2f935,f2e07c51-5a0b-42d7-9051-e05dc3574ca0,89339,http://herbarium.bio.fsu.edu/showimage.php?Image=images/herbarium/jpegs/000089339.jpg
da6042a7-4aed-4ca6-accc-a8ca4805a2d6,982ec00b-53cb-4349-bee8-30ddf062eee1,89340,http://herbarium.bio.fsu.edu/showimage.php?Image=images/herbarium/jpegs/000089340.jpg
40b05581-21d2-4e47-ba8d-7039287a7e5f,d884ec31-79f5-4aa8-b165-1f2c0db51e98,89341,http://herbarium.bio.fsu.edu/showimage.php?Image=images/herbarium/jpegs/000089341.jpg
b59704d5-d962-4673-af25-1fb6102d2f14,7857982e-ef91-43af-b7a7-aea96d5fff99,89342,http://herbarium.bio.fsu.edu/showimage.php?Image=images/herbarium/jpegs/000089342.jpg
b0acaa91-5034-4563-a798-1cbd950b5463,225525c1-a1d2-4e1b-800a-958a93d48cc4,89343,http://herbarium.bio.fsu.edu/showimage.php?Image=images/herbarium/jpegs/000089343.jpg
0b3a0e62-7466-460f-a8e2-d0b0ec663489,40e53f95-1978-47b0-8343-08b1ab61954c,89344,http://herbarium.bio.fsu.edu/showimage.php?Image=images/herbarium/jpegs/000089344.jpg
27a69f57-9bf8-4256-aced-beece7cae831,541672e2-70bc-473d-98a4-a237109dddd4,89345,http://herbarium.bio.fsu.edu/showimage.php?Image=images/herbarium/jpegs/000089345.jpg
69598763-f080-4cfd-8d9c-42a6afa3d031,1f024ca0-9a93-4a2a-8676-dcce3f912e42,89357,http://herbarium.bio.fsu.edu/showimage.php?Image=images/herbarium/jpegs/000089357.jpg
2e6fb615-59a9-452c-bc51-caf9640c522d,bbc583e8-d036-40e1-b891-2515629da66c,89358,http://herbarium.bio.fsu.edu/showimage.php?Image=images/herbarium/jpegs/000089358.jpg
37478471-85c6-4eaa-b662-030246bb096d,5a2d6bb6-2a6b-4882-8c69-2086a6cb6a07,89359,http://herbarium.bio.fsu.edu/showimage.php?Image=images/herbarium/jpegs/000089359.jpg
906dc886-d703-4d69-9385-3545606f820b,d2bc5c7b-3978-4432-8354-26e4aea5eca0,89360,http://herbarium.bio.fsu.edu/showimage.php?Image=images/herbarium/jpegs/000089360.jpg
e37b869f-6a49-47fd-b9ea-bdf6d42ac112,e5579f74-090e-4da2-8db5-6a978a8e8773,89361,http://herbarium.bio.fsu.edu/showimage.php?Image=images/herbarium/jpegs/000089361.jpg
8e3ec428-0a55-4100-8eb5-cd772f52f47d,8aaff27c-7d67-4a5c-9b6a-fa24ecf984aa,89362,http://herbarium.bio.fsu.edu/showimage.php?Image=images/herbarium/jpegs/000089362.jpg
60224046-ca00-4b05-a2b4-58352eea7bcd,6fc15cb9-90f1-453e-8a76-f0a9ee7fd88d,89363,http://herbarium.bio.fsu.edu/showimage.php?Image=images/herbarium/jpegs/000089363.jpg
d3336865-d066-493d-be90-44dc4ef904cb,a4bc5383-acea-4dab-a46d-56d36bb5b56d,89364,http://herbarium.bio.fsu.edu/showimage.php?Image=images/herbarium/jpegs/000089364.jpg
08d6d987-0775-4dc1-a569-3e5390f8f62d,e7e034f8-5fcb-411d-a290-45c76205f0ad,89365,http://herbarium.bio.fsu.edu/showimage.php?Image=images/herbarium/jpegs/000089365.jpg
ea71fa9a-9266-4f58-a5d8-727d23e4a8cb,6035a9bf-a44a-4179-9551-f9c510219136,89366,http://herbarium.bio.fsu.edu/showimage.php?Image=images/herbarium/jpegs/000089366.jpg
1b79412f-84af-4c1f-96cb-72bc33b7e762,d5b2a377-41cf-49f5-bfd4-a6d036a6e226,89367,http://herbarium.bio.fsu.edu/showimage.php?Image=images/herbarium/jpegs/000089367.jpg
25f55b80-2d68-4c62-b86e-b47887adf2f5,5fb83542-369c-45e9-a9da-5b0a08fde1d4,89368,http://herbarium.bio.fsu.edu/showimage.php?Image=images/herbarium/jpegs/000089368.jpg
23eb3577-0ecc-4ba2-983f-41d094a38dd9,62d9f201-feac-4a5d-82f6-b269f99bc74e,89369,http://herbarium.bio.fsu.edu/showimage.php?Image=images/herbarium/jpegs/000089369.jpg
315fd699-e219-401f-b461-61966a7a8112,2af22fb2-9f79-4b99-8c9a-29e3b6e98c64,89370,http://herbarium.bio.fsu.edu/showimage.php?Image=images/herbarium/jpegs/000089370.jpg
1c331e6f-e701-4cad-9b67-a2e843348123,ef7bb6b2-eb27-44b3-8ffd-3b79aeb8da3e,89419,http://herbarium.bio.fsu.edu/showimage.php?Image=images/herbarium/jpegs/000089419.jpg
4df1d823-12b1-4a12-af3b-c80afe13be02,4c0e735c-e547-42c8-a26d-0f49523c2cba,89420,http://herbarium.bio.fsu.edu/showimage.php?Image=images/herbarium/jpegs/000089420.jpg
f6b1b8d2-4fc5-43c2-99cb-cfc4a37179c7,11ea9832-766d-4710-b611-70c1a0f3bf15,89421,http://herbarium.bio.fsu.edu/showimage.php?Image=images/herbarium/jpegs/000089421.jpg
b603a54a-e3b3-47a6-adaa-4b77067bc799,09984a19-ca68-478d-8983-2d42294f1ae3,89422,http://herbarium.bio.fsu.edu/showimage.php?Image=images/herbarium/jpegs/000089422.jpg
5061264b-f2cc-4292-934a-c8654bb5ef28,c1b51fc3-b810-40ac-a6cd-4231bb465e5a,89423,http://herbarium.bio.fsu.edu/showimage.php?Image=images/herbarium/jpegs/000089423.jpg
fc900f2c-5d9d-4bfc-8062-9fe4068ff4d0,b1790481-f4bc-4814-931d-8f33f7bcb5a1,89424,http://herbarium.bio.fsu.edu/showimage.php?Image=images/herbarium/jpegs/000089424.jpg
2201e950-11d5-44b7-912b-8344d12d024b,dce4cf13-d793-4e38-9af6-dd714813167b,89425,http://herbarium.bio.fsu.edu/showimage.php?Image=images/herbarium/jpegs/000089425.jpg
79aa2700-d836-400b-8204-6dd35e1c7d3d,5c95e26c-0559-476c-80fc-1a43f84943be,89426,http://herbarium.bio.fsu.edu/showimage.php?Image=images/herbarium/jpegs/000089426.jpg
59edec0b-19a5-4152-a69d-e983723efa66,d68d91bc-15e2-4dff-953a-1b95bf57fa66,89427,http://herbarium.bio.fsu.edu/showimage.php?Image=images/herbarium/jpegs/000089427.jpg
82c153c3-7768-45c0-873f-b0930c39c4c1,891fee3f-f900-48f5-8695-d21c3d4b6271,89428,http://herbarium.bio.fsu.edu/showimage.php?Image=images/herbarium/jpegs/000089428.jpg
23d408fa-fbea-475e-8ab8-b3803c1fbb4c,9644a70b-8004-4d8f-b89a-8b73997b0d7a,89429,http://herbarium.bio.fsu.edu/showimage.php?Image=images/herbarium/jpegs/000089429.jpg
945f7fd8-9b16-4cc5-a3c7-6378731a8a4a,46c051d3-3598-45ca-ab3a-072e9d5c3fe4,89430,http://herbarium.bio.fsu.edu/showimage.php?Image=images/herbarium/jpegs/000089430.jpg
6aa2c9b4-a8c5-45ac-af7d-8c56a69c7b0b,1a6b6efa-9bcc-4f4a-9c17-760d21487602,89431,http://herbarium.bio.fsu.edu/showimage.php?Image=images/herbarium/jpegs/000089431.jpg
39295560-4978-4fb5-a002-8f5b43a5a534,1e35590f-c4ca-4c4e-b0fb-389843fd9c22,89432,http://herbarium.bio.fsu.edu/showimage.php?Image=images/herbarium/jpegs/000089432.jpg
9d37238d-30fb-4e08-b253-7f8f394f1d4f,8c3ded86-023e-4e7f-b04c-14309b192ce3,89433,http://herbarium.bio.fsu.edu/showimage.php?Image=images/herbarium/jpegs/000089433.jpg
ff8e5847-da65-40c5-8171-b1a94f602086,a9f70c7b-847b-4392-ab53-dec030a344db,89434,http://herbarium.bio.fsu.edu/showimage.php?Image=images/herbarium/jpegs/000089434.jpg
7d41b834-fe7c-47f4-85f0-2260effed98a,f946127d-1eac-46b2-beb3-fe59b982aae5,89435,http://herbarium.bio.fsu.edu/showimage.php?Image=images/herbarium/jpegs/000089435.jpg
58d561de-96e3-42c7-9c5f-3f89fa36a035,7dd142ae-7b57-42d1-958a-01f0d54c6c09,89436,http://herbarium.bio.fsu.edu/showimage.php?Image=images/herbarium/jpegs/000089436.jpg
130debee-27a8-4822-8cb4-bb6da0d67bee,d34985c9-5a6a-4239-a8c6-4201c6bc13ed,89437,http://herbarium.bio.fsu.edu/showimage.php?Image=images/herbarium/jpegs/000089437.jpg
6ee7e72c-65d5-46c8-bfeb-9441ad126153,224fc54c-f97f-4bc3-a8dd-0c27cc21bb2b,89438,http://herbarium.bio.fsu.edu/showimage.php?Image=images/herbarium/jpegs/000089438.jpg
1e9bc7d5-f6e2-469c-ba7d-fb5c64ac960b,7aa67475-f8f8-46a5-8dcd-5d02e07e475d,89439,http://herbarium.bio.fsu.edu/showimage.php?Image=images/herbarium/jpegs/000089439.jpg
6c616cbe-3778-4599-a9ef-e8e90d5fc91d,b7fc54b2-21c1-44e4-90c0-301cfd5d8e49,89440,http://herbarium.bio.fsu.edu/showimage.php?Image=images/herbarium/jpegs/000089440.jpg
8681a7e7-550b-419f-a5e1-326c704a6bec,e879cb37-8a16-4360-854e-4327e4dc3930,89441,http://herbarium.bio.fsu.edu/showimage.php?Image=images/herbarium/jpegs/000089441.jpg
fd1abe17-7a31-4cf1-8ef2-841667822e50,983a9bcc-0839-44ca-baba-21f016ee81f3,89442,http://herbarium.bio.fsu.edu/showimage.php?Image=images/herbarium/jpegs/000089442.jpg
bc29198a-9d50-4867-82db-62fb59dbfa72,4a2ea9d6-3cec-46f6-9630-c29a62a92010,89443,http://herbarium.bio.fsu.edu/showimage.php?Image=images/herbarium/jpegs/000089443.jpg
6245aa8e-3c14-4099-8023-7887ba78fe42,6c368bf2-08f8-4c1c-8745-7608600948f2,89444,http://herbarium.bio.fsu.edu/showimage.php?Image=images/herbarium/jpegs/000089444.jpg
f5fe92cb-239d-43eb-ab94-078973daf379,c6cce4d9-8526-4ea0-841a-dd6d7e191d94,89445,http://herbarium.bio.fsu.edu/showimage.php?Image=images/herbarium/jpegs/000089445.jpg
c27d538e-bf30-4603-9f41-9a21629599ce,c60d5345-9d48-422c-8039-9f4c6ca74c7f,89446,http://herbarium.bio.fsu.edu/showimage.php?Image=images/herbarium/jpegs/000089446.jpg
26b371b2-8b62-4610-be3b-e266766afe08,ac1a0fe0-0745-4d9e-9d06-7f63da8c0748,89447,http://herbarium.bio.fsu.edu/showimage.php?Image=images/herbarium/jpegs/000089447.jpg
270d6030-41ed-4577-a9fa-d1036fcadad8,fd90647b-daa1-4578-97d6-147f38153f33,89448,http://herbarium.bio.fsu.edu/showimage.php?Image=images/herbarium/jpegs/000089448.jpg
ff202664-5308-420c-861b-6ce3cf996217,1e0fd0a3-6f1a-4129-b811-6375b9a6cb24,89449,http://herbarium.bio.fsu.edu/showimage.php?Image=images/herbarium/jpegs/000089449.jpg
8b05b326-9914-4837-a410-c48597585986,0ef86f07-1311-489e-8ab3-8e1ff46e3afc,89450,http://herbarium.bio.fsu.edu/showimage.php?Image=images/herbarium/jpegs/000089450.jpg
4cd3d5be-0101-419b-b3c3-893240e24bd8,a8713122-9cfc-4952-965a-fcce3bdc6290,89451,http://herbarium.bio.fsu.edu/showimage.php?Image=images/herbarium/jpegs/000089451.jpg
9817047f-4217-4bda-97e1-4b2219a9b009,4cdc4a1e-11c0-49d9-b543-b4f5b792d9b1,89452,http://herbarium.bio.fsu.edu/showimage.php?Image=images/herbarium/jpegs/000089452.jpg
8e2a6bb8-5630-4d74-90c8-ca97229aeb79,019e0977-1ac4-4768-82b9-653ba9ca6ad8,89453,http://herbarium.bio.fsu.edu/showimage.php?Image=images/herbarium/jpegs/000089453.jpg
9f57a4cf-028f-4efb-8379-d1663b533348,cfb6c75e-5a1f-44cf-b1c2-2fd97efd9741,89454,http://herbarium.bio.fsu.edu/showimage.php?Image=images/herbarium/jpegs/000089454.jpg
81fb61eb-8ad8-4b0b-a8ce-8b60805473ed,33aa870e-f4bd-4d96-83f8-eb64f2499504,89455,http://herbarium.bio.fsu.edu/showimage.php?Image=images/herbarium/jpegs/000089455.jpg
b6e20f28-8499-40db-9fe6-02b8e40ce290,b098f67b-9b3e-42a0-bea3-cea3ba19bbce,89456,http://herbarium.bio.fsu.edu/showimage.php?Image=images/herbarium/jpegs/000089456.jpg
67a78db8-a155-4f85-af76-b6264c0badde,9250513f-2972-42b4-9490-226d0f183ccd,89457,http://herbarium.bio.fsu.edu/showimage.php?Image=images/herbarium/jpegs/000089457.jpg
7427dbcf-90b7-4945-abe6-72ca5b158854,b940bd70-057f-485e-9d42-09fd0a80f4b4,89458,http://herbarium.bio.fsu.edu/showimage.php?Image=images/herbarium/jpegs/000089458.jpg
b95289be-3a35-4321-9dfe-54f8ce182193,8e106c44-a972-4091-a71e-b4988a707b2f,89468,http://herbarium.bio.fsu.edu/showimage.php?Image=images/herbarium/jpegs/000089468.jpg
6ecc3199-d35e-4ecc-b76d-d18becb95885,6bad4253-fbc3-45bd-aeff-c659f080c703,89469,http://herbarium.bio.fsu.edu/showimage.php?Image=images/herbarium/jpegs/000089469.jpg
5827ec31-ce73-4afd-878c-eb5d17588b95,d7ef5c46-93fc-4ba5-8faf-95f34d660d3e,89483,http://herbarium.bio.fsu.edu/showimage.php?Image=images/herbarium/jpegs/000089483.jpg
2e3f209c-080e-4379-bb0e-08af3e8b91f1,dbb1adce-9078-4fa4-a3f8-404f43367833,89484,http://herbarium.bio.fsu.edu/showimage.php?Image=images/herbarium/jpegs/000089484.jpg
0fc60f01-134c-4c0b-8487-6f6656cad052,8b68cfc4-129b-4429-aedd-bb25e50332e3,89485,http://herbarium.bio.fsu.edu/showimage.php?Image=images/herbarium/jpegs/000089485.jpg
8951a68c-a331-49e0-a296-75f503b33a1e,2498af83-0286-453c-829d-9f0cc36d9eeb,89486,http://herbarium.bio.fsu.edu/showimage.php?Image=images/herbarium/jpegs/000089486.jpg
21c69893-28fa-436a-ad9b-99b2061ade10,55cbf49f-e253-4fb0-9611-49e921731d70,89487,http://herbarium.bio.fsu.edu/showimage.php?Image=images/herbarium/jpegs/000089487.jpg
efbb251f-24ae-43f2-88c0-94a7138bb352,17cefa9e-ffca-4a68-a7c9-168e9c437f6a,89488,http://herbarium.bio.fsu.edu/showimage.php?Image=images/herbarium/jpegs/000089488.jpg
d5ea976c-7639-4109-9ffe-f07d6db8fe1a,4fe1557c-f79f-4ef4-ae37-07930ee480de,89489,http://herbarium.bio.fsu.edu/showimage.php?Image=images/herbarium/jpegs/000089489.jpg
19eca954-1cf9-4626-b45e-ab8f8098ebfa,adfb54b9-28f4-4096-bd72-5b4ac11c04a3,89490,http://herbarium.bio.fsu.edu/showimage.php?Image=images/herbarium/jpegs/000089490.jpg
08784684-f898-4183-b5c3-ae1f73021d21,e6e02a5f-f95c-44dd-9171-00614bcd7fc1,89491,http://herbarium.bio.fsu.edu/showimage.php?Image=images/herbarium/jpegs/000089491.jpg
2c2068f0-5933-4119-b006-957203f35cc5,839d647f-598d-4a11-abae-c7095715dbd9,89492,http://herbarium.bio.fsu.edu/showimage.php?Image=images/herbarium/jpegs/000089492.jpg
d3b75c91-de77-4dc1-a385-d05ba67141b6,2dbef4c8-2892-4237-a82d-2493714cb9d3,89493,http://herbarium.bio.fsu.edu/showimage.php?Image=images/herbarium/jpegs/000089493.jpg
c35295b0-36c7-4fbb-b957-580640a951da,c88879ee-634b-4f3f-b39c-e4f3e42d670f,89494,http://herbarium.bio.fsu.edu/showimage.php?Image=images/herbarium/jpegs/000089494.jpg
eb55a25d-b41c-4877-8610-8bb0ca29f0b6,65f1f348-1d1c-4e01-a557-4891cba7ae5e,89495,http://herbarium.bio.fsu.edu/showimage.php?Image=images/herbarium/jpegs/000089495.jpg
a500b05f-909a-4c5e-8562-eb73ad5fdac9,a940f878-1699-430b-b6a4-a42e87a8878e,89496,http://herbarium.bio.fsu.edu/showimage.php?Image=images/herbarium/jpegs/000089496.jpg
bde5af9e-b9d8-414f-b4d6-c11ce1bec677,190d74fe-9c96-4959-af2e-c76d48bf6ed1,89497,http://herbarium.bio.fsu.edu/showimage.php?Image=images/herbarium/jpegs/000089497.jpg
c91b48aa-0cb7-4464-9992-293fafd8e230,d818ff28-31d1-492b-b503-d7a935a79b92,89498,http://herbarium.bio.fsu.edu/showimage.php?Image=images/herbarium/jpegs/000089498.jpg
549be516-97a7-4f34-9fe7-e282184116f4,0d571fb4-32c8-4533-a1db-91b1299386e1,89499,http://herbarium.bio.fsu.edu/showimage.php?Image=images/herbarium/jpegs/000089499.jpg
095cd032-95b2-4860-b36f-2966bfd5a3e6,91ece88c-97ca-4973-93ee-21edd9cff68f,89500,http://herbarium.bio.fsu.edu/showimage.php?Image=images/herbarium/jpegs/000089500.jpg
c67dd7aa-c460-47fe-8063-148a64ed9104,35e0374f-1e61-421b-895c-14308b6b14fe,89501,http://herbarium.bio.fsu.edu/showimage.php?Image=images/herbarium/jpegs/000089501.jpg
196a06bc-84be-4437-af03-494ab5f9b326,ad9efe23-663f-4822-8248-9d6e35198fc5,89502,http://herbarium.bio.fsu.edu/showimage.php?Image=images/herbarium/jpegs/000089502.jpg
d4aea55f-e209-4990-859d-d869df08f235,f7bf00e0-e038-4d07-bbf5-304436ac385e,89503,http://herbarium.bio.fsu.edu/showimage.php?Image=images/herbarium/jpegs/000089503.jpg
7711ba3a-1167-4046-ba70-53be3e3c3421,7a302a6d-3f63-4714-8246-a8272fa4396f,89504,http://herbarium.bio.fsu.edu/showimage.php?Image=images/herbarium/jpegs/000089504.jpg
f04ab500-3e71-4738-b468-ccd795fb80c0,34fd0a8e-d35e-4822-a20e-e1da0327c2c7,89505,http://herbarium.bio.fsu.edu/showimage.php?Image=images/herbarium/jpegs/000089505.jpg
9912735c-44ec-4c3b-a656-2833968eca90,17442a2b-6a65-4fe9-a073-54269cb964fd,89506,http://herbarium.bio.fsu.edu/showimage.php?Image=images/herbarium/jpegs/000089506.jpg
bf61a69e-8a14-4af8-bf80-6a929b63e5ca,46255631-31c1-4eac-ab9f-157a07ac37b6,89507,http://herbarium.bio.fsu.edu/showimage.php?Image=images/herbarium/jpegs/000089507.jpg
621865b6-2572-4568-ba4c-d3ed0838bd10,5809bd26-5d25-4394-90ca-f3165a880f5e,89508,http://herbarium.bio.fsu.edu/showimage.php?Image=images/herbarium/jpegs/000089508.jpg
84030130-2620-42db-9ea7-2b25fc6abf47,04a32aa1-bfd0-4051-a54f-b5b72e907304,89509,http://herbarium.bio.fsu.edu/showimage.php?Image=images/herbarium/jpegs/000089509.jpg
49266f78-3d5d-4d45-ac7c-c072c36b6348,1bcc4782-9bda-479a-a289-8b22c5bd90a6,89510,http://herbarium.bio.fsu.edu/showimage.php?Image=images/herbarium/jpegs/000089510.jpg
d50697cd-b68c-4af2-abd4-2e445afbd96e,94a75553-e520-4ae3-bdad-6aa1d97b95db,89511,http://herbarium.bio.fsu.edu/showimage.php?Image=images/herbarium/jpegs/000089511.jpg
d690a416-b877-4b07-8805-038ec70160bd,086ccb25-6c19-4eee-8f8f-623000ee10b6,89512,http://herbarium.bio.fsu.edu/showimage.php?Image=images/herbarium/jpegs/000089512.jpg
8cdfdc72-33d5-4f72-af27-05c6a1fe3b6f,006e0e68-013e-4a12-949b-16ebb6ef5132,89513,http://herbarium.bio.fsu.edu/showimage.php?Image=images/herbarium/jpegs/000089513.jpg
804f4a83-607a-4eaa-8896-319fd5a17337,4677b09e-9d2b-4adc-a0e9-1c14865ad692,89514,http://herbarium.bio.fsu.edu/showimage.php?Image=images/herbarium/jpegs/000089514.jpg
9cec7c7c-e922-4db3-a24d-8ca488b292ec,aa91c62b-3098-4b4f-9df4-d109654a4894,89515,http://herbarium.bio.fsu.edu/showimage.php?Image=images/herbarium/jpegs/000089515.jpg
2e3696c5-dfe2-48a5-8045-861fda37bf90,129f8d29-137a-43c1-8dc7-aca669c8a337,89516,http://herbarium.bio.fsu.edu/showimage.php?Image=images/herbarium/jpegs/000089516.jpg
a50bf33a-e65a-432a-8974-bca474cb3a19,280f4f00-c4f3-4aee-8929-ac86461d1e6d,89517,http://herbarium.bio.fsu.edu/showimage.php?Image=images/herbarium/jpegs/000089517.jpg
b9ae5485-b461-4f41-94e0-ea64f53b5fdf,388227db-5b0d-41b6-b7de-a73eb3eedebe,89518,http://herbarium.bio.fsu.edu/showimage.php?Image=images/herbarium/jpegs/000089518.jpg
b13a604d-d7cc-4ab2-b889-b30002a1d30b,e7925832-16cf-46a1-94be-b808051afaf9,89519,http://herbarium.bio.fsu.edu/showimage.php?Image=images/herbarium/jpegs/000089519.jpg
7570f615-3864-47fc-a7f6-e5bafb8fe8c8,387b91a8-194f-4436-a58b-7061f58729bb,89520,http://herbarium.bio.fsu.edu/showimage.php?Image=images/herbarium/jpegs/000089520.jpg
16b311dd-04e5-4b26-a31f-d67f14928949,7cafe0c8-db09-47c0-8095-662735656daf,89521,http://herbarium.bio.fsu.edu/showimage.php?Image=images/herbarium/jpegs/000089521.jpg
2a9eb9da-1e40-4a55-b17d-a1a8132250c2,6fe50448-8a87-4691-8ea8-056586a6c0ff,89522,http://herbarium.bio.fsu.edu/showimage.php?Image=images/herbarium/jpegs/000089522.jpg
f497de50-2093-4959-a205-23afc8125253,92af50cd-9a30-483d-8c30-184b78da48a1,89523,http://herbarium.bio.fsu.edu/showimage.php?Image=images/herbarium/jpegs/000089523.jpg
91762f1d-9b7d-462c-b3ae-ef7a59fbfc75,eb522962-0458-48b3-82b3-6542886bd245,89524,http://herbarium.bio.fsu.edu/showimage.php?Image=images/herbarium/jpegs/000089524.jpg
02a7ec9d-4765-4ed2-ac8c-5d135b3d2c63,817d92d0-eb7d-4578-925e-5a22ca2522d5,89525,http://herbarium.bio.fsu.edu/showimage.php?Image=images/herbarium/jpegs/000089525.jpg
56afa696-f727-42cb-9768-0dd2ed1adcfd,7017b506-f80e-45a5-9e53-d42bc4035e95,89526,http://herbarium.bio.fsu.edu/showimage.php?Image=images/herbarium/jpegs/000089526.jpg
07298f42-ae28-46ae-a24e-24ff95a91513,aaeaab1b-4253-4498-9678-16c8fce363ab,89527,http://herbarium.bio.fsu.edu/showimage.php?Image=images/herbarium/jpegs/000089527.jpg
a3808dcc-1575-4dff-aed5-05f67e28cd2f,fb7e1882-26a7-4df3-a9ed-20fc85c7f3dd,89528,http://herbarium.bio.fsu.edu/showimage.php?Image=images/herbarium/jpegs/000089528.jpg
aebad272-4693-4c63-8a93-e75b3600a5b2,087b2f65-6763-4b0c-abd7-c5dfae95bbd7,89529,http://herbarium.bio.fsu.edu/showimage.php?Image=images/herbarium/jpegs/000089529.jpg
fe916b19-497e-434e-9eb9-80b089a99dec,a382db28-c07f-41e0-85a6-e9eae7651df4,89530,http://herbarium.bio.fsu.edu/showimage.php?Image=images/herbarium/jpegs/000089530.jpg
9fc4e5d6-3fc8-49f4-85d0-78d735cfbfaf,d3d5b061-f1b2-4c31-bc80-2861cd806b1e,89531,http://herbarium.bio.fsu.edu/showimage.php?Image=images/herbarium/jpegs/000089531.jpg
0d89bde7-9679-4749-a1bf-ee3e0c9745b9,914339f5-b00b-45d2-a1a6-c1893dc862e9,89532,http://herbarium.bio.fsu.edu/showimage.php?Image=images/herbarium/jpegs/000089532.jpg
8ca9649b-8d85-469f-88c1-f95f277d62cf,e98580c6-7485-4fd2-a2be-16df4c432b50,89533,http://herbarium.bio.fsu.edu/showimage.php?Image=images/herbarium/jpegs/000089533.jpg
0ba87e98-4582-43d4-bc56-85925e5fadd3,7f3c0e98-81eb-4742-a85e-b0686fbb44fd,89534,http://herbarium.bio.fsu.edu/showimage.php?Image=images/herbarium/jpegs/000089534.jpg
e930a107-0887-4388-b2dc-31165fc80633,87d23ef8-3b2a-4409-90a7-b91c96668a12,89535,http://herbarium.bio.fsu.edu/showimage.php?Image=images/herbarium/jpegs/000089535.jpg
eeae7e06-d417-4e22-b469-17a795eb6630,70c1d852-def5-4cfb-b3c3-9feb4cce1ff6,89536,http://herbarium.bio.fsu.edu/showimage.php?Image=images/herbarium/jpegs/000089536.jpg
0701fbb2-fafb-493e-8a04-9a29520bee2d,74245f2f-1d55-4085-9f6a-fb1707e6b20d,89537,http://herbarium.bio.fsu.edu/showimage.php?Image=images/herbarium/jpegs/000089537.jpg
8c39e020-e72f-4251-b396-ca0cfc08187c,983f7ace-2eb8-47d3-a122-a41fc21d1f89,89538,http://herbarium.bio.fsu.edu/showimage.php?Image=images/herbarium/jpegs/000089538.jpg
6318b8b5-36f9-44b5-9353-36a56a3624d9,08cd2d25-e76d-4392-827b-2b16516fc0a0,89539,http://herbarium.bio.fsu.edu/showimage.php?Image=images/herbarium/jpegs/000089539.jpg
5fbde1a7-eb06-4adb-98f6-d4faa04e426f,fa1ba549-df18-417f-8266-dabb021feeeb,89540,http://herbarium.bio.fsu.edu/showimage.php?Image=images/herbarium/jpegs/000089540.jpg
e5247c6f-9ccf-448c-a56e-a61a9d55cacb,2663cc9b-4178-4f19-ae05-640181a51d94,89541,http://herbarium.bio.fsu.edu/showimage.php?Image=images/herbarium/jpegs/000089541.jpg
de913f12-0a18-48ec-b6df-957a0aedb9e0,6ba86104-f7f9-4ea5-9d3f-0072e88d1b40,89542,http://herbarium.bio.fsu.edu/showimage.php?Image=images/herbarium/jpegs/000089542.jpg
bd6f7a5e-0c39-4016-bd7a-6d079a7ead65,5a2a029a-bb53-4688-9c70-9ca05ef39b4c,89543,http://herbarium.bio.fsu.edu/showimage.php?Image=images/herbarium/jpegs/000089543.jpg
38e458f4-2d79-44ff-86e5-dabb20211d63,2dd18836-7556-4865-80f4-af1b4ae5d745,89544,http://herbarium.bio.fsu.edu/showimage.php?Image=images/herbarium/jpegs/000089544.jpg
7a3c0ca2-ef5b-414b-8a28-7f1d87cfa50b,414fd027-fcf9-4e11-9042-c37bd50ef8f1,89545,http://herbarium.bio.fsu.edu/showimage.php?Image=images/herbarium/jpegs/000089545.jpg
7aef7280-fdcb-4005-82f8-26a1f88ce542,c42e9264-c139-4670-88e8-e83128a5c25e,89546,http://herbarium.bio.fsu.edu/showimage.php?Image=images/herbarium/jpegs/000089546.jpg
b914a500-7131-42a9-bd55-9d0a0612f340,c32960f9-e1d2-4937-adcf-c3b6187e0de4,89547,http://herbarium.bio.fsu.edu/showimage.php?Image=images/herbarium/jpegs/000089547.jpg
9d1e03c7-a0a7-47be-a54a-b1202293f254,cd378a82-f9ea-4c88-82cc-4ef00abd98d3,89548,http://herbarium.bio.fsu.edu/showimage.php?Image=images/herbarium/jpegs/000089548.jpg
01697739-414c-440e-857a-6c3e7792a587,314a4064-b859-4dfb-98a8-366a81d463e6,89549,http://herbarium.bio.fsu.edu/showimage.php?Image=images/herbarium/jpegs/000089549.jpg
249799ca-9f3a-482f-8641-20e851a0bc39,34d08d9e-ec23-4994-9dab-9b35c9fdf2e2,89550,http://herbarium.bio.fsu.edu/showimage.php?Image=images/herbarium/jpegs/000089550.jpg
dc9cd475-c3d4-4969-93d0-1091ba05d9d3,0905f721-31b5-4124-96af-9869d4a4739b,89551,http://herbarium.bio.fsu.edu/showimage.php?Image=images/herbarium/jpegs/000089551.jpg
d8d53325-c27f-4b09-835a-97a343f5c745,32433435-540b-4ea6-9c15-000c7b77cbfa,89552,http://herbarium.bio.fsu.edu/showimage.php?Image=images/herbarium/jpegs/000089552.jpg
63f3aa6c-ee53-4470-bbbd-ab8079f1e8d1,cbe1d98f-c64c-4e61-ba26-47921c972152,89553,http://herbarium.bio.fsu.edu/showimage.php?Image=images/herbarium/jpegs/000089553.jpg
a546de62-cdf0-4438-a475-4c4a4ec496bb,37926893-9aaf-4057-a9e0-b9204f402004,89554,http://herbarium.bio.fsu.edu/showimage.php?Image=images/herbarium/jpegs/000089554.jpg
037ffe24-993c-421a-bba3-e72d909b917e,5a5cc8ec-65c2-439b-a66b-c172eff1179f,89555,http://herbarium.bio.fsu.edu/showimage.php?Image=images/herbarium/jpegs/000089555.jpg
0012d93d-d91b-41a3-94ce-8f9d2fc45d80,e26dbe72-275b-4a5c-9dae-9f5e9658988d,89556,http://herbarium.bio.fsu.edu/showimage.php?Image=images/herbarium/jpegs/000089556.jpg
944bf6f2-81a5-4ca3-ab17-fc9b95fc85ad,2dd3a2b8-4839-4e2e-827d-1ffd05df5912,89557,http://herbarium.bio.fsu.edu/showimage.php?Image=images/herbarium/jpegs/000089557.jpg
8a4d6864-f5da-4ef4-995c-0ad6c5de9ce9,33405f63-e7cc-48a3-942d-75fb3e159232,89558,http://herbarium.bio.fsu.edu/showimage.php?Image=images/herbarium/jpegs/000089558.jpg
cc707366-d7e4-4e62-964f-bc15787dc940,696582a8-b379-4fe5-b841-321d0062cac0,89559,http://herbarium.bio.fsu.edu/showimage.php?Image=images/herbarium/jpegs/000089559.jpg
07e2dbf7-1d10-45e5-9aba-376101c6b9ed,18f8d9e8-58cb-4f6c-9925-52f18517487d,89560,http://herbarium.bio.fsu.edu/showimage.php?Image=images/herbarium/jpegs/000089560.jpg
e44c431f-5298-469e-a310-5c769ae4cb8c,2a8ff53e-1ba8-4cda-bf5a-b9586016fd28,89561,http://herbarium.bio.fsu.edu/showimage.php?Image=images/herbarium/jpegs/000089561.jpg
c9952b96-768b-4e77-ae36-d58328180021,f9214da5-2f6b-4e0b-b311-72d613bba32c,89562,http://herbarium.bio.fsu.edu/showimage.php?Image=images/herbarium/jpegs/000089562.jpg
b2e84973-0580-4b65-be17-013cb733e8a0,f461c3b5-3eee-4e3f-8d47-7fa29f98fa20,89563,http://herbarium.bio.fsu.edu/showimage.php?Image=images/herbarium/jpegs/000089563.jpg
289771f4-7fd3-4f4d-9b99-51e4aacd5efa,d3207635-fc03-46b3-9bc8-9784cdde8ec0,89564,http://herbarium.bio.fsu.edu/showimage.php?Image=images/herbarium/jpegs/000089564.jpg
1439db1a-46d6-4765-9f97-66058f215b85,7a3cdfc1-c7b3-4b8e-b69e-b0679793ddf3,89565,http://herbarium.bio.fsu.edu/showimage.php?Image=images/herbarium/jpegs/000089565.jpg
076ffc91-75fd-4d72-b2be-5b304a29bbfc,c9aeaacc-6793-4900-b5a7-c56d9fcbb112,89566,http://herbarium.bio.fsu.edu/showimage.php?Image=images/herbarium/jpegs/000089566.jpg
60a11762-36ea-4836-a80c-b9376465e61e,de6ccc40-48ce-4b7e-915d-42dada975bb0,89567,http://herbarium.bio.fsu.edu/showimage.php?Image=images/herbarium/jpegs/000089567.jpg
51739b3f-388c-4e5c-9904-2e0a6ef34384,c8c97370-c693-4cf0-a4af-b69a31ba3c4c,89568,http://herbarium.bio.fsu.edu/showimage.php?Image=images/herbarium/jpegs/000089568.jpg
f0c275b8-bce5-4eb9-9ec3-4186485f80c4,25b212fe-85ef-4483-9988-d63e237f5bd4,89569,http://herbarium.bio.fsu.edu/showimage.php?Image=images/herbarium/jpegs/000089569.jpg
6a105396-431b-4bf9-be03-ba2b87790960,ac49db12-48a6-4f47-b9a0-31c27b0ccf43,89570,http://herbarium.bio.fsu.edu/showimage.php?Image=images/herbarium/jpegs/000089570.jpg
93e63324-47de-4c13-a808-6cfddd02f9a7,3a274726-960e-4102-a58f-b55893911bda,89571,http://herbarium.bio.fsu.edu/showimage.php?Image=images/herbarium/jpegs/000089571.jpg
5df554a7-aed7-492b-a95a-fa5456e99628,1c27809a-546b-4a34-b7fc-b23dde802816,89572,http://herbarium.bio.fsu.edu/showimage.php?Image=images/herbarium/jpegs/000089572.jpg
01e188c5-e45e-4cc8-9f00-55b0b056070e,f9cca7c9-4522-4aa9-91a3-73fb96af7fc6,89573,http://herbarium.bio.fsu.edu/showimage.php?Image=images/herbarium/jpegs/000089573.jpg
e82d9aaf-0862-4082-8892-193fbc17cf46,06ab4773-04e5-4c10-bbfe-29600d1b297e,89574,http://herbarium.bio.fsu.edu/showimage.php?Image=images/herbarium/jpegs/000089574.jpg
cb6fcec8-8737-48fc-be33-f32db08b01d4,05c09afd-49f6-4f75-a682-1cc604813219,89575,http://herbarium.bio.fsu.edu/showimage.php?Image=images/herbarium/jpegs/000089575.jpg
5ad1a8fe-3ba0-47bc-9fc4-2efa9818b068,d8d8dd50-24b7-48a1-bedd-2576878b6e75,89576,http://herbarium.bio.fsu.edu/showimage.php?Image=images/herbarium/jpegs/000089576.jpg
8664057a-c149-4970-8183-a2914eafd15f,d35e1c4d-da76-40ea-8ddb-75626ae49e23,89577,http://herbarium.bio.fsu.edu/showimage.php?Image=images/herbarium/jpegs/000089577.jpg
8a2896ec-6932-4314-95da-678848f6d948,ba07436b-1be2-4925-89c3-83dc3456aa5d,89578,http://herbarium.bio.fsu.edu/showimage.php?Image=images/herbarium/jpegs/000089578.jpg
fe7b5b7e-3acd-4833-ae59-712f92e3e2ef,b814cb52-45dd-492d-8ed4-e67d26559062,89579,http://herbarium.bio.fsu.edu/showimage.php?Image=images/herbarium/jpegs/000089579.jpg
653d9f70-a357-480b-a0de-47004c84a02b,cc587dca-94fd-4f20-84c5-e5fbb9924090,89580,http://herbarium.bio.fsu.edu/showimage.php?Image=images/herbarium/jpegs/000089580.jpg
03c7a8d7-c084-4568-be8d-1533a251f507,f2f070f4-83ec-487e-808b-babcc97585f8,89581,http://herbarium.bio.fsu.edu/showimage.php?Image=images/herbarium/jpegs/000089581.jpg
1fe0705b-33c4-40ec-8354-c1d50e2ed539,a988fe4f-9d33-454d-b17a-bf4a3c815140,89582,http://herbarium.bio.fsu.edu/showimage.php?Image=images/herbarium/jpegs/000089582.jpg
535a02c7-dbe6-462f-b51c-fe161e466de6,81a18972-b2b7-4af0-a89c-a12f288658de,89583,http://herbarium.bio.fsu.edu/showimage.php?Image=images/herbarium/jpegs/000089583.jpg
13df7931-8bbe-4b74-b2b7-f15e77ba4a20,13d45f15-469a-4b7a-b48f-57617002e57c,89584,http://herbarium.bio.fsu.edu/showimage.php?Image=images/herbarium/jpegs/000089584.jpg
470eebd3-2083-4786-9796-6001f87e1e7a,c54cbbd9-1624-4737-a115-81dc4ad05b4f,89585,http://herbarium.bio.fsu.edu/showimage.php?Image=images/herbarium/jpegs/000089585.jpg
f67786f1-f348-4aef-ac7a-df60e75c8683,019c2efe-2b80-4f3c-9fdd-d0ace21f6409,89586,http://herbarium.bio.fsu.edu/showimage.php?Image=images/herbarium/jpegs/000089586.jpg
a360bc60-c1e5-4d1f-87bc-0ed09099b94b,31d2fa19-723a-4134-adb0-7f219abf8d79,89587,http://herbarium.bio.fsu.edu/showimage.php?Image=images/herbarium/jpegs/000089587.jpg
619e7f15-59ed-41c9-98b1-8f22586275e5,b2abd15b-328e-4da9-9241-c9b6319f0731,89588,http://herbarium.bio.fsu.edu/showimage.php?Image=images/herbarium/jpegs/000089588.jpg
b8497d73-0a52-435a-b343-5aed20c0ce13,4d8b808c-6e36-4b0e-8c1e-6e84e4070b15,89589,http://herbarium.bio.fsu.edu/showimage.php?Image=images/herbarium/jpegs/000089589.jpg
9648dec7-cc28-4e76-82d8-25446f423932,70fb1692-f6ee-43f9-9e26-a6cc0024c2a3,89590,http://herbarium.bio.fsu.edu/showimage.php?Image=images/herbarium/jpegs/000089590.jpg
2a2fe767-b5b0-41db-93a2-373a39e85d44,16527af3-08e7-4b2a-aac4-eec90d472b17,89591,http://herbarium.bio.fsu.edu/showimage.php?Image=images/herbarium/jpegs/000089591.jpg
1b86de2f-07d7-4dbf-b27d-40f48fbdbb24,ea5e723b-b2c8-4479-af43-c326682d2c65,89592,http://herbarium.bio.fsu.edu/showimage.php?Image=images/herbarium/jpegs/000089592.jpg
881879b0-9289-45b3-99b2-3993901f7119,4fb14674-ac4a-4d19-9adf-43fbab2a01b8,89593,http://herbarium.bio.fsu.edu/showimage.php?Image=images/herbarium/jpegs/000089593.jpg
4a44606e-ffdc-4f5e-a294-32ab827b9fab,a4e25914-dffa-4d4e-870b-c8ca197dfc08,89594,http://herbarium.bio.fsu.edu/showimage.php?Image=images/herbarium/jpegs/000089594.jpg
2287c3a0-a36b-4d87-8bdd-7992b2f3851e,bbfbb16e-8bb1-4720-af2f-b6b3198f8075,89595,http://herbarium.bio.fsu.edu/showimage.php?Image=images/herbarium/jpegs/000089595.jpg
5e7ae365-1c51-4e4a-a6fc-caba193f10c2,f9e525ca-b58a-4788-9abb-c5dc098a9ae3,89596,http://herbarium.bio.fsu.edu/showimage.php?Image=images/herbarium/jpegs/000089596.jpg
10d51bbe-72c7-4412-895c-aaa90b6db7cb,8273e171-5ab7-48df-8633-f090279a1007,89597,http://herbarium.bio.fsu.edu/showimage.php?Image=images/herbarium/jpegs/000089597.jpg
94e3e2cb-7048-4e16-99aa-55d3f283b622,6ff734ea-0838-4c7e-b242-47c8583ffe55,89598,http://herbarium.bio.fsu.edu/showimage.php?Image=images/herbarium/jpegs/000089598.jpg
e3075d90-fb5c-443a-82aa-422a09e29b00,10041654-b5a3-4991-8f43-10c53567e6a7,89599,http://herbarium.bio.fsu.edu/showimage.php?Image=images/herbarium/jpegs/000089599.jpg
b1633e1b-9b90-4a35-b8aa-bf16c730cc35,2cc6f9a1-3929-4aa4-9a80-5a0262a4049d,89600,http://herbarium.bio.fsu.edu/showimage.php?Image=images/herbarium/jpegs/000089600.jpg
9e81707f-4de9-4d6e-8398-98a48bf1c873,7e7100a9-23d7-45ed-99a6-a67dd3e482f9,89601,http://herbarium.bio.fsu.edu/showimage.php?Image=images/herbarium/jpegs/000089601.jpg
47bc1d70-37be-429b-afee-47bf3c49151e,fbbf5cc6-2e14-485c-8d40-6b36c84a3dd9,89602,http://herbarium.bio.fsu.edu/showimage.php?Image=images/herbarium/jpegs/000089602.jpg
98a3b329-1bf6-4222-ac41-143d6d889a34,e268f749-185b-4880-82b8-010834bf809f,89603,http://herbarium.bio.fsu.edu/showimage.php?Image=images/herbarium/jpegs/000089603.jpg
a8434140-fc63-4371-9bef-4109722e8150,5a67f583-f049-4a4a-915c-5a9985d5ba7b,89604,http://herbarium.bio.fsu.edu/showimage.php?Image=images/herbarium/jpegs/000089604.jpg
348ee685-d84a-46f5-8bec-e8beb77f27a2,e3a80d94-e57a-4e2d-8fb2-7660970d2fb3,89605,http://herbarium.bio.fsu.edu/showimage.php?Image=images/herbarium/jpegs/000089605.jpg
e7bf4261-7e2e-48d7-922e-595ba59eed81,05639615-695d-4a93-9dfa-0a9c76d005e2,89606,http://herbarium.bio.fsu.edu/showimage.php?Image=images/herbarium/jpegs/000089606.jpg
7d9c2c93-ade4-4bc2-addb-dd5340c811bf,a80028f8-cacc-438e-b6e2-0c96618c48ea,89607,http://herbarium.bio.fsu.edu/showimage.php?Image=images/herbarium/jpegs/000089607.jpg
34bd361e-4433-478c-aca8-7ebb6de19cc1,3d35b0c2-9c7b-4f4b-9e40-45035fec4705,89608,http://herbarium.bio.fsu.edu/showimage.php?Image=images/herbarium/jpegs/000089608.jpg
761fcda8-b68c-4afb-a37d-ab9de9ed7678,8966cb1a-4940-4717-a1b4-a81d0c33ec25,89609,http://herbarium.bio.fsu.edu/showimage.php?Image=images/herbarium/jpegs/000089609.jpg
98b6be08-d745-4bd5-905d-8b3405baeceb,ef1a2959-f6f3-4c03-ba25-e924afa5103e,89610,http://herbarium.bio.fsu.edu/showimage.php?Image=images/herbarium/jpegs/000089610.jpg
14b000d9-8d39-4e60-95b7-a64b152530d0,a4ef7858-a343-407a-a518-9c744788860e,89611,http://herbarium.bio.fsu.edu/showimage.php?Image=images/herbarium/jpegs/000089611.jpg
386dbd11-0c85-480b-91d0-267f1546a867,35b02b84-296a-41ef-86df-d03f660694b7,89612,http://herbarium.bio.fsu.edu/showimage.php?Image=images/herbarium/jpegs/000089612.jpg
9917db51-1f4b-4899-bea4-edbdb6caf155,e82575a1-def1-4b26-8539-72305e91e5aa,89613,http://herbarium.bio.fsu.edu/showimage.php?Image=images/herbarium/jpegs/000089613.jpg
6fe6650a-d103-40a9-bbc4-c62eb5b0ec7a,cdca7a65-f099-40c0-9719-334f7491579b,89614,http://herbarium.bio.fsu.edu/showimage.php?Image=images/herbarium/jpegs/000089614.jpg
b7337220-80b1-4382-811f-b6868a84015b,e66e0067-29f4-4da8-a6e6-2a64c7f3a456,89615,http://herbarium.bio.fsu.edu/showimage.php?Image=images/herbarium/jpegs/000089615.jpg
857132e2-58a3-49da-bdec-91aa3cb0a1ad,207f2711-e4aa-46fb-b46c-df8ec0872884,89616,http://herbarium.bio.fsu.edu/showimage.php?Image=images/herbarium/jpegs/000089616.jpg
9a6c9b84-3996-44e4-9637-17491999f2ba,9c620c67-bfef-4500-b836-650a0ff462d4,89617,http://herbarium.bio.fsu.edu/showimage.php?Image=images/herbarium/jpegs/000089617.jpg
92dfcf8a-4e75-452f-af4d-54a308b31543,d0904e6d-c6d7-453a-9bd2-f801a9d1999e,89618,http://herbarium.bio.fsu.edu/showimage.php?Image=images/herbarium/jpegs/000089618.jpg
99843cd1-c839-42d5-bef8-af464bd1c8a4,66945096-3260-4156-bbee-39de1a0bc246,89619,http://herbarium.bio.fsu.edu/showimage.php?Image=images/herbarium/jpegs/000089619.jpg
e1e94895-5bea-4b29-be6a-9f1e4d1db4bd,2d53d50a-159d-44fb-98d7-91783e30cdf0,89620,http://herbarium.bio.fsu.edu/showimage.php?Image=images/herbarium/jpegs/000089620.jpg
fba8e6e2-28f7-47ca-8c5f-e1f0b28f8880,335fd2c8-a863-4953-a843-4d5db2544a65,89621,http://herbarium.bio.fsu.edu/showimage.php?Image=images/herbarium/jpegs/000089621.jpg
5db358d4-9b0c-4b43-9f77-263ff4c14c86,c708b6de-b239-4100-8199-2298c2a5c53d,89622,http://herbarium.bio.fsu.edu/showimage.php?Image=images/herbarium/jpegs/000089622.jpg
99c57829-866b-4a53-a938-a308d7740790,2870194d-86dc-4c6d-8436-a7dcfd78ec4d,89623,http://herbarium.bio.fsu.edu/showimage.php?Image=images/herbarium/jpegs/000089623.jpg
6c3d8a0d-250a-4572-ac0f-258f4afba9b2,eeb2fa6e-0186-4205-a342-a929c9150f7c,89624,http://herbarium.bio.fsu.edu/showimage.php?Image=images/herbarium/jpegs/000089624.jpg
a0c49493-654e-45af-a885-c1ff6b0123e4,c54a16ca-5123-4b01-b54a-4317cd23c0c5,89625,http://herbarium.bio.fsu.edu/showimage.php?Image=images/herbarium/jpegs/000089625.jpg
31a85658-f387-4d61-b102-1b7f72eb088d,4d332ed3-81e3-49a1-98ab-876fee60aa54,89626,http://herbarium.bio.fsu.edu/showimage.php?Image=images/herbarium/jpegs/000089626.jpg
c632212b-62cf-46d9-9982-605123be8da9,36355934-0975-4aca-adda-6a08a46f1b50,89627,http://herbarium.bio.fsu.edu/showimage.php?Image=images/herbarium/jpegs/000089627.jpg
9bf0710c-ac33-43f6-9dc7-53edb9f307d6,7f3d0734-5894-481f-8845-a855be4c60fe,89628,http://herbarium.bio.fsu.edu/showimage.php?Image=images/herbarium/jpegs/000089628.jpg
5a401dfd-b90a-4ec1-9df9-c8cd03034196,b6ec6596-dd62-4be2-90b7-d53db5ca6171,89629,http://herbarium.bio.fsu.edu/showimage.php?Image=images/herbarium/jpegs/000089629.jpg
67f60240-ff0d-4710-9c95-468e1f0de307,15956e48-cf9f-42f6-b65f-07a67a5f045e,89630,http://herbarium.bio.fsu.edu/showimage.php?Image=images/herbarium/jpegs/000089630.jpg
037fbe76-d1a7-4cd8-9925-f65c618d5ed1,6b26ff96-f5ad-47b3-8a63-ad486541b804,89631,http://herbarium.bio.fsu.edu/showimage.php?Image=images/herbarium/jpegs/000089631.jpg
f744e06f-a8f3-4a39-af34-049b750797e1,123b1a11-d664-4480-9a79-6713039fc434,89632,http://herbarium.bio.fsu.edu/showimage.php?Image=images/herbarium/jpegs/000089632.jpg
742425ff-2bed-4c53-8b0d-4605e74625dc,c66f73bf-3a83-46cc-8b80-8eb3711c05c5,89633,http://herbarium.bio.fsu.edu/showimage.php?Image=images/herbarium/jpegs/000089633.jpg
eba81b04-33cf-4316-9b9e-f5e0a3dff72a,ae8241d4-4f06-4796-999e-b2957e94e7f6,89634,http://herbarium.bio.fsu.edu/showimage.php?Image=images/herbarium/jpegs/000089634.jpg
df7bc504-645f-4124-b513-dcc1f284f521,ac7e94a8-0c8b-4766-815f-4e1014cc49e7,89635,http://herbarium.bio.fsu.edu/showimage.php?Image=images/herbarium/jpegs/000089635.jpg
8dc68f5a-0c6b-43f3-85c9-3023e179f258,7cedd51d-78c8-434e-bbe3-aad58676464e,89636,http://herbarium.bio.fsu.edu/showimage.php?Image=images/herbarium/jpegs/000089636.jpg
5d90cf72-acf1-420d-9972-d314b84d6a00,5247d2fe-d1fa-43d8-b48c-61d415ec9693,89637,http://herbarium.bio.fsu.edu/showimage.php?Image=images/herbarium/jpegs/000089637.jpg
c5d5c5d9-a16f-487b-9030-f1bec651c515,8f56d087-4040-4e5a-a587-3fa04eb9f559,89638,http://herbarium.bio.fsu.edu/showimage.php?Image=images/herbarium/jpegs/000089638.jpg
06326013-f10c-4370-bea7-6ac66b49a663,711f031b-137b-4af7-84fd-fd0574462064,89639,http://herbarium.bio.fsu.edu/showimage.php?Image=images/herbarium/jpegs/000089639.jpg
05d7b87c-ce80-43cf-a2c6-42d735dd7921,ed71fc72-c4b5-4d5b-90bb-dcb2b1421cff,89640,http://herbarium.bio.fsu.edu/showimage.php?Image=images/herbarium/jpegs/000089640.jpg
7490c384-db3d-49c8-bf1e-c073378c32cb,aa332ffd-83d3-4b15-a1be-549e374c1cfd,89641,http://herbarium.bio.fsu.edu/showimage.php?Image=images/herbarium/jpegs/000089641.jpg
22efbce9-117e-4c36-81f6-a7be514e9b6f,c11259af-525f-4fbf-9a80-c883c92d0eca,89642,http://herbarium.bio.fsu.edu/showimage.php?Image=images/herbarium/jpegs/000089642.jpg
2da9a3f0-720a-4420-891d-8900ff138113,bbdba982-606a-4114-8329-d5a35895946e,89643,http://herbarium.bio.fsu.edu/showimage.php?Image=images/herbarium/jpegs/000089643.jpg
cdf8ba8e-a92d-4d37-96fa-2ebdce6a24be,34d9a132-0c75-4036-b5a2-d04ea5e09f4d,89644,http://herbarium.bio.fsu.edu/showimage.php?Image=images/herbarium/jpegs/000089644.jpg
26546318-6c5f-4522-8369-5c242e676b2e,d708b1a2-44ed-48af-b234-af12274aed52,89645,http://herbarium.bio.fsu.edu/showimage.php?Image=images/herbarium/jpegs/000089645.jpg
f5ddacec-cf17-40f3-85f7-eb2c0b8d5c73,88d89678-eff9-4717-8077-3af9186a4731,89646,http://herbarium.bio.fsu.edu/showimage.php?Image=images/herbarium/jpegs/000089646.jpg
2e48c086-7ac1-44a2-82e9-119cfdba849f,8523e3fe-0568-47f1-8ce0-cd9a97ae3d1a,89647,http://herbarium.bio.fsu.edu/showimage.php?Image=images/herbarium/jpegs/000089647.jpg
bc42afc5-0804-4c24-9dc5-c2ecb6d2cc6b,efd23667-a748-4725-8eee-2397cdf33251,89648,http://herbarium.bio.fsu.edu/showimage.php?Image=images/herbarium/jpegs/000089648.jpg
a711b160-ab3d-4648-8be0-448ce67d5ac8,d767c599-0716-471b-9c5f-4f9ae0044a0e,89649,http://herbarium.bio.fsu.edu/showimage.php?Image=images/herbarium/jpegs/000089649.jpg
d30632bb-27d7-4e8e-a6a2-936ca283035a,2ffe7621-310f-47d1-be47-9fc81c5d3e28,89650,http://herbarium.bio.fsu.edu/showimage.php?Image=images/herbarium/jpegs/000089650.jpg
41cdb1c5-aa0c-41ce-9f11-b08922f9ef4f,3d56cbe3-8fcc-4cd2-afc7-45bc7d75cfb8,89651,http://herbarium.bio.fsu.edu/showimage.php?Image=images/herbarium/jpegs/000089651.jpg
be537476-9f97-4261-bd21-6ca9006b8cba,800b57a2-c270-45a8-b5da-63418e01a0bf,89652,http://herbarium.bio.fsu.edu/showimage.php?Image=images/herbarium/jpegs/000089652.jpg
0bb1377c-4e1a-42bb-b076-b20c997d28f7,5eebeeae-d715-4658-815b-4f072052274a,89653,http://herbarium.bio.fsu.edu/showimage.php?Image=images/herbarium/jpegs/000089653.jpg
bea6a9a1-9c8a-48db-9a89-425f66ca2d9d,06ab1be3-a091-4234-97b8-e61e8ddecdca,89654,http://herbarium.bio.fsu.edu/showimage.php?Image=images/herbarium/jpegs/000089654.jpg
e3f50ea5-a2f0-418c-9fd3-8ffe09ebd2ad,13c189e8-37f9-4419-9efd-9d57fbdd0990,89655,http://herbarium.bio.fsu.edu/showimage.php?Image=images/herbarium/jpegs/000089655.jpg
db0c4b4e-34af-4c05-8924-24bd5fdad30b,75a1b638-eeaf-4391-b525-a8a976391b01,89656,http://herbarium.bio.fsu.edu/showimage.php?Image=images/herbarium/jpegs/000089656.jpg
1ebbbaeb-207e-4aff-be66-87938cc62c4c,13b9f09a-5501-4143-be38-f80868aab670,89657,http://herbarium.bio.fsu.edu/showimage.php?Image=images/herbarium/jpegs/000089657.jpg
b85c2151-46d3-4094-92d7-47a049c5e33d,dc630662-4b42-48a2-b35b-55067b9b25f3,89658,http://herbarium.bio.fsu.edu/showimage.php?Image=images/herbarium/jpegs/000089658.jpg
489594a7-c6be-4541-abbd-794dddbbbb36,62ea070b-c5b9-4b1c-b5a3-3fa29ef9d9ff,89659,http://herbarium.bio.fsu.edu/showimage.php?Image=images/herbarium/jpegs/000089659.jpg
a4c09d36-8da7-4a01-b769-71b83222ae0c,32c44d64-5d78-4f60-9fe7-61ad73ec236d,89660,http://herbarium.bio.fsu.edu/showimage.php?Image=images/herbarium/jpegs/000089660.jpg
901b5d7b-c7d4-4c60-a603-75bd28a88f9f,667522ce-fb7e-400a-b34a-e334bbdba402,89661,http://herbarium.bio.fsu.edu/showimage.php?Image=images/herbarium/jpegs/000089661.jpg
57132965-6cdd-4c20-8e7e-b79aac1c77ab,cfc0bbf0-d703-42e4-8105-b260107cfd6a,89662,http://herbarium.bio.fsu.edu/showimage.php?Image=images/herbarium/jpegs/000089662.jpg
03491b9d-8da3-4ef0-920f-8591b625acdf,f7e742ac-eb85-49d5-ae08-bd0140b1bd6a,89663,http://herbarium.bio.fsu.edu/showimage.php?Image=images/herbarium/jpegs/000089663.jpg
64428818-d86a-41f6-8cd4-270d538f5e62,69cc1839-def9-4a50-ad31-f9648246ba67,89664,http://herbarium.bio.fsu.edu/showimage.php?Image=images/herbarium/jpegs/000089664.jpg
ad56c261-bc84-4bd3-95d3-f3823c6a2ad7,995261b6-8b22-4214-84c3-9ab4f89e4acf,89665,http://herbarium.bio.fsu.edu/showimage.php?Image=images/herbarium/jpegs/000089665.jpg
bde1b807-6001-43bf-a12b-782cfd3b3640,a5d48e45-d515-41e4-a7a3-33ef796be3dc,89666,http://herbarium.bio.fsu.edu/showimage.php?Image=images/herbarium/jpegs/000089666.jpg
33848b54-ba42-4554-9b7f-9be880af0ec4,90b212a6-21b1-4996-a872-161b8210b9f4,89667,http://herbarium.bio.fsu.edu/showimage.php?Image=images/herbarium/jpegs/000089667.jpg
ffbac5fb-7d86-4392-ab91-a8596aadf252,6dcb41d5-90eb-453b-8406-6321c374a3ec,89668,http://herbarium.bio.fsu.edu/showimage.php?Image=images/herbarium/jpegs/000089668.jpg
d8bfaf40-6027-47e8-a141-924514adb1cc,0db98c77-3d0c-45f3-862a-4525e40feac3,89669,http://herbarium.bio.fsu.edu/showimage.php?Image=images/herbarium/jpegs/000089669.jpg
8efe07ed-59d0-4173-b4c4-d4bebb3328b4,b5358a27-b023-4f64-b26c-4689afe9d516,89670,http://herbarium.bio.fsu.edu/showimage.php?Image=images/herbarium/jpegs/000089670.jpg
2a0decf0-9666-4097-bb2c-17529deab43f,c369ad2d-e30f-4f7b-939d-05b6bf701a91,89671,http://herbarium.bio.fsu.edu/showimage.php?Image=images/herbarium/jpegs/000089671.jpg
f1cc1cb6-6fe3-4e90-bbcf-134212f375c7,35082c96-f2df-4254-91a0-5e0a753d4ac6,89672,http://herbarium.bio.fsu.edu/showimage.php?Image=images/herbarium/jpegs/000089672.jpg
068fef35-0636-4e08-af88-c31bc328d1db,a73d191f-38f0-47b9-9527-732450a9f065,89673,http://herbarium.bio.fsu.edu/showimage.php?Image=images/herbarium/jpegs/000089673.jpg
7faa8171-47b0-40d5-894f-062d84c76746,26ca3423-ab49-4fc4-b6c6-82318ee5af8d,89674,http://herbarium.bio.fsu.edu/showimage.php?Image=images/herbarium/jpegs/000089674.jpg
4d3c837d-4376-4f1b-ad75-89ceac06233b,2bbce9b8-1d16-4d22-b8e3-9719266a43ec,89675,http://herbarium.bio.fsu.edu/showimage.php?Image=images/herbarium/jpegs/000089675.jpg
a24f3e44-db05-4e86-a8dd-370c19bd8bef,7c287282-f894-4691-8ec4-a662a17142de,89676,http://herbarium.bio.fsu.edu/showimage.php?Image=images/herbarium/jpegs/000089676.jpg
8506f7df-8276-45bc-b94b-6c83e73cfe9a,7c5bb12a-bad7-4a67-8f81-1f022f2114bb,89677,http://herbarium.bio.fsu.edu/showimage.php?Image=images/herbarium/jpegs/000089677.jpg
7b17dc3e-1e62-4dfe-afc4-744f36553fdc,6968dd28-212f-4ad4-b28f-4d05af770287,89678,http://herbarium.bio.fsu.edu/showimage.php?Image=images/herbarium/jpegs/000089678.jpg
e7022f29-ac89-4e69-8a26-09d8cbec0f98,9fe27291-d42d-4992-acc8-394251f4a360,89679,http://herbarium.bio.fsu.edu/showimage.php?Image=images/herbarium/jpegs/000089679.jpg
597042bc-49fe-437f-a307-f8c079ec3f89,501bc4e7-ab23-47ea-8a04-d641f8caa848,89680,http://herbarium.bio.fsu.edu/showimage.php?Image=images/herbarium/jpegs/000089680.jpg
babe32e9-2659-482e-a91e-8216936c87af,c922c678-1a12-4b87-8710-05030c1b04bc,89681,http://herbarium.bio.fsu.edu/showimage.php?Image=images/herbarium/jpegs/000089681.jpg
69eeb9c7-21a2-44af-8a55-33a8374c982c,70e0eb40-25e9-4653-8cdd-d0678e7a5ed5,89682,http://herbarium.bio.fsu.edu/showimage.php?Image=images/herbarium/jpegs/000089682.jpg
8598c17a-a40b-4b59-b33f-15c2964dc827,dea61f23-91c3-4700-a12c-055418f0b419,89683,http://herbarium.bio.fsu.edu/showimage.php?Image=images/herbarium/jpegs/000089683.jpg
26e6690c-65a5-4a28-aba7-e24046c10bdb,cb57ff9c-29b0-482b-9344-132ea716081b,89684,http://herbarium.bio.fsu.edu/showimage.php?Image=images/herbarium/jpegs/000089684.jpg
a5e605bd-0fe7-4df8-8580-b69e2b6c3469,6d76e8a8-18fc-4b64-8b9a-20432e88c794,89685,http://herbarium.bio.fsu.edu/showimage.php?Image=images/herbarium/jpegs/000089685.jpg
23e25c4b-713d-44b5-ba6a-3715ff0c392e,06ec297c-d033-45d1-a8d5-84842d40f73f,89686,http://herbarium.bio.fsu.edu/showimage.php?Image=images/herbarium/jpegs/000089686.jpg
cc14f7eb-7673-4a0c-a0e7-a2c384d05760,d35aab57-8950-45d1-a3fc-cb75281e92b2,89687,http://herbarium.bio.fsu.edu/showimage.php?Image=images/herbarium/jpegs/000089687.jpg
e948e447-8ee3-49ba-bd5d-5e1a89c06d40,23d83b0b-f319-4fc2-be3d-97c688d74aeb,89688,http://herbarium.bio.fsu.edu/showimage.php?Image=images/herbarium/jpegs/000089688.jpg
0cdeb3b6-8688-46db-95a3-049b45ff91ac,17016a4c-16f1-4346-9d08-5ceaf8565dfd,89689,http://herbarium.bio.fsu.edu/showimage.php?Image=images/herbarium/jpegs/000089689.jpg
32aba171-5b7d-4d39-bbd4-d96f58465340,71d5b43a-cc9e-40c3-941d-f7bebfe41b7a,89690,http://herbarium.bio.fsu.edu/showimage.php?Image=images/herbarium/jpegs/000089690.jpg
6af846da-b0e9-4a6c-a707-50ea77b19100,153afeea-d2dd-4b1e-9ff4-08f47d1b8366,89691,http://herbarium.bio.fsu.edu/showimage.php?Image=images/herbarium/jpegs/000089691.jpg
752342a0-bbfe-4ac0-a0df-27052a5a5d4f,088444b8-c6b8-4923-904b-124e1d109d2b,89692,http://herbarium.bio.fsu.edu/showimage.php?Image=images/herbarium/jpegs/000089692.jpg
f81619aa-a1e2-418b-8ae9-3dbc339df00c,b6fa82b9-95f2-410c-b1e6-a3d38c7fd00a,89693,http://herbarium.bio.fsu.edu/showimage.php?Image=images/herbarium/jpegs/000089693.jpg
aa2c0504-b77d-4dad-a1a0-0411754e9214,360ecfb9-a9c7-454b-9bec-7f1d4b00208c,89694,http://herbarium.bio.fsu.edu/showimage.php?Image=images/herbarium/jpegs/000089694.jpg
fdd44050-e44f-42e1-b6e2-eb0bfed7714e,1fd943c5-6ba7-4410-a5f5-bf6d03f2e7ee,89695,http://herbarium.bio.fsu.edu/showimage.php?Image=images/herbarium/jpegs/000089695.jpg
505b941e-db7a-4fa7-a3af-692dc1db41e1,8c90df55-ed5a-4d43-8bab-e15086eba285,89696,http://herbarium.bio.fsu.edu/showimage.php?Image=images/herbarium/jpegs/000089696.jpg
4d1b564f-b856-4a34-91ff-0625c9ed190c,8de50a50-f027-42c3-815e-7b28d5302d33,89697,http://herbarium.bio.fsu.edu/showimage.php?Image=images/herbarium/jpegs/000089697.jpg
92df0134-28df-431a-b11c-790166b81b9d,20b43268-ed60-45b1-9fcc-b3cce78f4a44,89698,http://herbarium.bio.fsu.edu/showimage.php?Image=images/herbarium/jpegs/000089698.jpg
fb34c9cf-3a5e-46c4-b187-69da9538f288,327de25e-08ae-4480-b012-fad7e11f6d34,89699,http://herbarium.bio.fsu.edu/showimage.php?Image=images/herbarium/jpegs/000089699.jpg
d938f0eb-aa2c-426e-85cf-ab610faacf3e,e257b04a-cc1c-4d87-9b63-89a6333f61e5,89700,http://herbarium.bio.fsu.edu/showimage.php?Image=images/herbarium/jpegs/000089700.jpg
9c4dfb4d-36a8-48e0-9acc-279f930041c3,876aa4cd-6a9f-48de-9b87-88cb82ef9d36,89701,http://herbarium.bio.fsu.edu/showimage.php?Image=images/herbarium/jpegs/000089701.jpg
ea3a60d1-aefb-40b4-9894-697ba7406d3f,cd32005a-bca3-4c41-8938-bbdf6dd2dee7,89702,http://herbarium.bio.fsu.edu/showimage.php?Image=images/herbarium/jpegs/000089702.jpg
3ef8e4d0-642b-4d80-8c39-ad4eb003e495,fa70d429-664e-4e22-8cd6-2c7310d11ca4,89703,http://herbarium.bio.fsu.edu/showimage.php?Image=images/herbarium/jpegs/000089703.jpg
ef323465-af9c-4bf9-b0e8-f47458fd5282,a769f4d6-aa7a-4d6c-90fc-701a7fc2cff2,89704,http://herbarium.bio.fsu.edu/showimage.php?Image=images/herbarium/jpegs/000089704.jpg
998b4ea7-512e-4bd4-829a-406f46f40a90,d9ace204-3b4b-4942-a1c9-91363486ad70,89705,http://herbarium.bio.fsu.edu/showimage.php?Image=images/herbarium/jpegs/000089705.jpg
35573e0f-18fe-4d78-8a75-e3e0be8acc12,333debe7-7519-41ed-a40b-3edc14dc1deb,89706,http://herbarium.bio.fsu.edu/showimage.php?Image=images/herbarium/jpegs/000089706.jpg
c62f0ede-3235-4061-9a91-b585ac46ab55,419b35bd-cc8a-4fc1-9d26-1bc2523a1a7e,89707,http://herbarium.bio.fsu.edu/showimage.php?Image=images/herbarium/jpegs/000089707.jpg
8d115263-9b42-46da-8c88-ff733a606ff5,606d9360-3182-4c4e-b870-68b2dad7dd54,89708,http://herbarium.bio.fsu.edu/showimage.php?Image=images/herbarium/jpegs/000089708.jpg
756c63bf-acdf-4805-a4a8-b01a97ebb4cc,f1412ddc-4690-4fcc-a87a-02ffceca3c13,89709,http://herbarium.bio.fsu.edu/showimage.php?Image=images/herbarium/jpegs/000089709.jpg
4822caf9-7b92-443b-8171-979ebe03b340,562adb6b-e11e-4454-8b65-1e99c5fbdaa1,89710,http://herbarium.bio.fsu.edu/showimage.php?Image=images/herbarium/jpegs/000089710.jpg
198ffbad-23ad-411c-bc2e-dbcf92a2d1f4,fae34b37-5d11-4444-b644-715178f15556,89711,http://herbarium.bio.fsu.edu/showimage.php?Image=images/herbarium/jpegs/000089711.jpg
1986f6ac-5ab6-4285-8cd4-1bf491ae676a,6ffa9a33-646b-4ae5-9aed-2144ccc56938,89712,http://herbarium.bio.fsu.edu/showimage.php?Image=images/herbarium/jpegs/000089712.jpg
ff472a12-ce1b-4bcb-97b4-235b2a11c056,ae97ada8-e54b-437f-abe9-0a3f118b86f2,89713,http://herbarium.bio.fsu.edu/showimage.php?Image=images/herbarium/jpegs/000089713.jpg
833d4870-c5ee-49cd-b38d-6160f5d26777,a87104ed-33df-475c-8709-a227144d5d03,89714,http://herbarium.bio.fsu.edu/showimage.php?Image=images/herbarium/jpegs/000089714.jpg
95144b0c-89c0-45e9-9285-a22b875ce7e7,b52661cd-68b5-4c59-8dd1-05ecf32879c5,89715,http://herbarium.bio.fsu.edu/showimage.php?Image=images/herbarium/jpegs/000089715.jpg
3f210559-d9a0-4e58-9daf-6e56da0f469c,e9b2236a-7728-45fe-b82e-81c37a097e2e,89716,http://herbarium.bio.fsu.edu/showimage.php?Image=images/herbarium/jpegs/000089716.jpg
bebaab78-f8ce-444e-a640-0f8fe2a18ca5,d84216a7-b63b-4dee-b9be-61a98ced9036,89717,http://herbarium.bio.fsu.edu/showimage.php?Image=images/herbarium/jpegs/000089717.jpg
3d02e8b1-6283-4d3c-a61e-27cbe6995227,a033b3a2-d6d0-47c2-99bd-dad8265511de,89718,http://herbarium.bio.fsu.edu/showimage.php?Image=images/herbarium/jpegs/000089718.jpg
380bbdd7-ec36-48db-b5ca-ac9fd5810065,2e3b15a8-4908-425e-97a1-2543b9305331,89719,http://herbarium.bio.fsu.edu/showimage.php?Image=images/herbarium/jpegs/000089719.jpg
aaa0401d-9be9-45f2-8307-f940ab9e8796,19641674-1834-46f0-81fd-dbe346267c99,89720,http://herbarium.bio.fsu.edu/showimage.php?Image=images/herbarium/jpegs/000089720.jpg
0a3ae95c-80a1-4bef-82e3-c6b886901204,37c7eefa-a89f-4887-b404-7abd45ccdd3a,89721,http://herbarium.bio.fsu.edu/showimage.php?Image=images/herbarium/jpegs/000089721.jpg
5be56adc-7183-43ec-a035-f87b5a970ebe,07c621fe-37b8-4927-8fe7-4fe31d617f52,89722,http://herbarium.bio.fsu.edu/showimage.php?Image=images/herbarium/jpegs/000089722.jpg
49031935-7efb-4b9f-b8d2-102ed6b50f6d,f0dc41d2-8017-4758-b839-0c76d2a8c4bf,89723,http://herbarium.bio.fsu.edu/showimage.php?Image=images/herbarium/jpegs/000089723.jpg
f547d5cf-3c32-401c-98d0-28f4fcedddbe,2b15b1f1-45aa-4f2d-a9c0-72b3a521947f,89724,http://herbarium.bio.fsu.edu/showimage.php?Image=images/herbarium/jpegs/000089724.jpg
cf9df9a9-6e1d-4c36-bea5-d0808d111c6e,d72b4ec1-b15f-470b-9003-ff52860ff0e0,89725,http://herbarium.bio.fsu.edu/showimage.php?Image=images/herbarium/jpegs/000089725.jpg
e0a58d35-a6e1-4878-aa19-85e04b152d70,46959d0c-90f4-4a24-8caf-68dbfc67eb8b,89726,http://herbarium.bio.fsu.edu/showimage.php?Image=images/herbarium/jpegs/000089726.jpg
d4257e85-ea52-4a3c-80cb-7f12b9bd8c52,61acef41-2823-4d06-a2f7-53db3c2b6513,89727,http://herbarium.bio.fsu.edu/showimage.php?Image=images/herbarium/jpegs/000089727.jpg
5c48dec7-cfe2-4e3e-ada5-e3a9ea3ecc47,e0438aea-7571-4aed-bf6d-0c1165314aeb,89728,http://herbarium.bio.fsu.edu/showimage.php?Image=images/herbarium/jpegs/000089728.jpg
3c43cc62-b26d-4136-9b89-6a1550562960,32c106b8-6342-487e-99b9-172b4b82f17c,89729,http://herbarium.bio.fsu.edu/showimage.php?Image=images/herbarium/jpegs/000089729.jpg
f839eddd-ec54-437c-887c-4b3c899e86ae,2eef76ed-256a-4e8e-8f8c-05305f7013ab,89730,http://herbarium.bio.fsu.edu/showimage.php?Image=images/herbarium/jpegs/000089730.jpg
4f39756d-dbae-4dc1-b8f1-5601aac59b31,ce238be8-d20a-4f3d-af1f-5c56240b7b0e,89731,http://herbarium.bio.fsu.edu/showimage.php?Image=images/herbarium/jpegs/000089731.jpg
e67971d5-3e44-4dcc-9f4f-7789b7093faa,3bc44e4f-89d5-4b6c-9d70-0535a2b92cfa,89732,http://herbarium.bio.fsu.edu/showimage.php?Image=images/herbarium/jpegs/000089732.jpg
eb094940-a096-4e80-a3f5-90ac0419533c,df5d0b82-bf46-480c-9918-ff413c1ea387,89733,http://herbarium.bio.fsu.edu/showimage.php?Image=images/herbarium/jpegs/000089733.jpg
baa7c6d6-d73e-415b-8f3f-a3d72dd7032e,d3e12c5e-d1d0-483e-a864-b414f89423f7,89734,http://herbarium.bio.fsu.edu/showimage.php?Image=images/herbarium/jpegs/000089734.jpg
